TimeUS,Roll,Pitch,Yaw,VN,VE,VD
5647528,2.19,-0.59,0.0,-0.0001189954,-3.142068e-05,0.003079969
5667535,2.19,-0.59,0.0,-0.0001955379,-6.632694e-05,0.005483136
5687493,2.2,-0.59,359.99,-0.0006733374,-0.0001594169,0.008162416
5707655,2.2,-0.59,359.99,-0.0002888844,-0.0001483185,0.01157276
5727526,2.2,-0.59,359.99,-0.0001535947,-0.0003665008,0.01590103
5747590,2.2,-0.59,359.99,5.587074e-05,-0.0004155305,0.0207892
5767512,2.2,-0.59,359.99,0.0001538643,-0.0005261276,0.02605896
5787495,2.2,-0.59,359.99,0.0004477001,-0.0006418998,0.03133123
5807535,2.2,-0.59,0.0,0.0003596315,-0.0009122799,0.0357306
5827536,2.19,-0.59,0.0,0.0001103865,-0.00079735,0.04082493
5847581,2.19,-0.59,0.0,-3.69453e-05,-0.0005905119,0.04530387
5867514,2.2,-0.59,0.0,-0.0002995557,-0.0006425355,0.04974503
5887497,2.19,-0.59,0.0,-4.450261e-05,-0.0007069024,0.05412959
5907577,2.2,-0.59,0.0,-3.713421e-05,-0.000546272,0.05831534
5927512,2.2,-0.59,0.0,-6.847071e-05,-0.0006059884,0.06201892
5947530,2.2,-0.59,0.0,-0.0004573232,-0.000527537,0.06599283
5967513,2.2,-0.59,0.0,-0.0002076492,-0.0004640766,0.06999208
5987496,2.2,-0.59,0.0,-0.0004736962,-0.0004177492,0.07371239
6007579,2.2,-0.59,0.0,-0.0003884616,-0.0003459914,0.07700077
6027512,2.2,-0.59,0.0,-0.0003713187,-0.000294181,0.08014642
6047527,2.2,-0.59,0.0,-0.0004265495,-0.0005450677,0.08366963
6067538,2.2,-0.59,0.0,-9.131616e-05,-0.0007646747,0.08688105
6087492,2.2,-0.59,0.0,9.577856e-06,-0.0009135985,0.08988652
6107526,2.2,-0.58,0.0,8.721669e-06,-0.000859396,0.092867
6127527,2.2,-0.59,0.0,-0.0001499941,-0.000905842,0.09532981
6147554,2.2,-0.58,0.0,0.0001851299,-0.0009214812,0.0980539
6167523,2.2,-0.58,0.0,0.0001786698,-0.000824599,0.1001517
6187495,2.2,-0.58,0.0,0.0002670738,-0.0009287814,0.1025389
6207530,2.2,-0.58,0.0,0.0002536419,-0.0009048954,0.1045772
6227540,2.2,-0.58,0.0,1.172497e-05,-0.0009581756,0.1066262
6247556,2.2,-0.58,0.0,0.0002239251,-0.0008476247,0.1086035
6267506,2.2,-0.58,0.0,0.0004291866,-0.0007653352,0.1105171
6287507,2.2,-0.58,0.0,0.0006917032,-0.0006542499,0.1125987
6307545,2.2,-0.58,0.0,0.000736239,-0.0006771834,0.1142362
6327534,2.2,-0.58,0.0,0.001079622,-0.0009355617,0.1158094
6347529,2.2,-0.58,0.0,0.0009046854,-0.0009653136,0.1164226
6367499,2.2,-0.58,0.0,0.0009073117,-0.0009089297,0.1179583
6387532,2.2,-0.58,0.0,0.0009582355,-0.001107358,0.119159
6407578,2.2,-0.58,0.0,0.000961351,-0.001325477,0.120148
6427514,2.2,-0.58,0.0,0.001014614,-0.001173474,0.1209441
6447516,2.2,-0.58,0.0,0.00111095,-0.001209677,0.1217778
6467530,2.2,-0.58,0.0,0.001316576,-0.001235559,0.1225686
6487534,2.2,-0.58,0.0,0.001357289,-0.001135324,0.1234794
6507531,2.2,-0.58,0.0,0.001728007,-0.001018288,0.1235855
6527508,2.2,-0.58,0.0,0.001592258,-0.001103666,0.1245262
6547527,2.2,-0.58,0.0,0.001694479,-0.00102394,0.1251397
6567523,2.2,-0.57,0.0,0.001951445,-0.0009782348,0.1253909
6587507,2.2,-0.57,0.0,0.002130989,-0.0009640948,0.1262642
6607532,2.2,-0.57,0.0,0.001816993,-0.001015235,0.1270862
6627532,2.2,-0.57,0.0,0.001766547,-0.001131414,0.1273452
6647554,2.2,-0.57,0.0,0.001639418,-0.001043929,0.127659
6667510,2.2,-0.58,0.0,0.001495957,-0.0009372233,0.1284852
6687508,2.2,-0.58,0.0,0.001839706,-0.0009025689,0.1293248
6707529,2.21,-0.57,0.0,0.002135806,-0.0009356909,0.1301038
6727530,2.21,-0.57,0.0,0.002477113,-0.0008871045,0.1305794
6747510,2.21,-0.57,0.0,0.00244538,-0.0005811981,0.1307665
6767511,2.21,-0.57,0.0,0.002791936,-0.0005345577,0.1316189
6787508,2.21,-0.57,0.0,0.002823715,-0.0005311072,0.132565
6807543,2.21,-0.56,0.0,0.002601187,-0.0005127923,0.1329173
6827573,2.21,-0.56,0.0,0.002888885,-0.0004503457,0.1333871
6847521,2.21,-0.56,0.0,0.002940927,-0.0005748001,0.1341239
6867507,2.21,-0.56,0.0,0.00257923,-0.0004646631,0.134872
6887523,2.21,-0.56,0.01,0.00228638,-0.0004743517,0.1354563
6907577,2.21,-0.56,0.01,0.002237172,-0.000525491,0.1353868
6927523,2.21,-0.56,0.01,0.002391316,-0.00041571,0.1350216
6947513,2.21,-0.56,0.01,0.002167426,-0.0002637148,0.1349016
6967524,2.21,-0.56,0.01,0.002319118,-0.0004037044,0.134782
6987534,2.21,-0.56,0.0,0.002290158,-0.0003031725,0.134685
7007532,2.21,-0.56,0.01,0.002347699,-0.0003723344,0.1345549
7027493,2.21,-0.56,0.01,0.002237637,-0.0001036456,0.1341115
7047538,2.21,-0.56,0.01,0.002445887,-6.61987e-06,0.1341008
7067535,2.22,-0.55,0.01,0.002293412,2.832216e-06,0.1336813
7087508,2.21,-0.55,0.01,0.002428446,0.0001652294,0.133665
7107518,2.22,-0.55,0.01,0.002163589,0.000307968,0.1329488
7127527,2.22,-0.55,0.01,0.002161164,0.000520093,0.13225
7147552,2.22,-0.55,0.01,0.002438857,0.0007693694,0.1318464
7167492,2.22,-0.54,0.01,0.002259445,0.0007031023,0.1314612
7187511,2.22,-0.54,0.01,0.002309388,0.0007419507,0.1312033
7207535,2.22,-0.54,0.01,0.002387496,0.000661354,0.1300542
7227512,2.22,-0.55,0.01,0.002309789,0.0009088551,0.1284625
7247535,2.22,-0.55,0.01,0.002097738,0.0009524429,0.1275212
7267514,2.21,-0.55,0.01,0.00224418,0.001108038,0.1263409
7287525,2.22,-0.54,0.01,0.001884693,0.00138034,0.1255302
7307530,2.22,-0.54,0.01,0.001661808,0.001386383,0.1251315
7327508,2.21,-0.54,0.01,0.001483048,0.001600295,0.1247795
7347525,2.22,-0.55,0.0,0.001402463,0.001681559,0.1243788
7367525,2.22,-0.55,0.0,0.001345863,0.001602242,0.1242591
7387536,2.22,-0.54,0.0,0.001266828,0.001718332,0.1238497
7407514,2.22,-0.55,0.01,0.001190964,0.001891434,0.1230542
7427509,2.22,-0.55,0.01,0.001094583,0.001911788,0.1220562
7447568,2.22,-0.55,0.01,0.0007710904,0.002219654,0.1207165
7467536,2.22,-0.55,0.0,0.0006038177,0.002162909,0.1200221
7487514,2.22,-0.55,0.0,0.0004011538,0.002318584,0.1193833
7507513,2.22,-0.55,0.0,0.0004444575,0.002570602,0.1188282
7527508,2.21,-0.54,0.0,0.0004373499,0.002685707,0.11763
7547568,2.21,-0.54,0.01,0.0002226785,0.002593111,0.116947
7567508,2.21,-0.55,0.0,0.0004387905,0.002840008,0.1161488
7587498,2.22,-0.55,0.01,0.0007638339,0.002810993,0.1156291
7607533,2.21,-0.55,0.01,0.0008250602,0.003134104,0.1144913
7627534,2.21,-0.55,0.0,0.0007664511,0.003166728,0.1135676
7647511,2.21,-0.54,0.0,0.0008252413,0.003286552,0.112565
7667513,2.21,-0.54,0.0,0.001302574,0.003267212,0.1121625
7687539,2.21,-0.54,0.01,0.001267847,0.003293439,0.1115117
7707566,2.21,-0.54,0.0,0.001317393,0.003201845,0.1106657
7727516,2.21,-0.54,0.01,0.001251843,0.003306594,0.1100516
7747511,2.21,-0.54,0.0,0.001487186,0.003231121,0.1094023
7767531,2.22,-0.54,0.01,0.001606772,0.00335749,0.1089199
7787508,2.22,-0.54,0.0,0.00164982,0.003284324,0.1084749
7807527,2.21,-0.54,0.0,0.001538887,0.003473831,0.1070918
7827510,2.21,-0.54,0.0,0.001393374,0.00365108,0.1057543
7847551,2.21,-0.54,0.0,0.001487517,0.003861058,0.1043423
7867518,2.21,-0.54,0.0,0.001675148,0.004013771,0.103494
7887511,2.21,-0.54,0.0,0.001833693,0.004197935,0.102619
7907532,2.21,-0.54,0.0,0.002254958,0.004426043,0.1014991
7927508,2.21,-0.53,0.0,0.002036505,0.004576302,0.1003661
7947561,2.21,-0.53,0.0,0.002265498,0.004696566,0.09995792
7967494,2.21,-0.53,0.0,0.002299859,0.004850907,0.09905415
7987513,2.21,-0.53,0.01,0.002508025,0.004896736,0.09835485
8007530,2.21,-0.53,0.01,0.002485196,0.004807162,0.0973331
8027509,2.21,-0.53,0.01,0.002470453,0.00464695,0.09633081
8047546,2.22,-0.53,0.0,0.002559582,0.004838753,0.09561693
8067499,2.22,-0.53,0.0,0.00286433,0.004820165,0.09467431
8087513,2.22,-0.53,0.0,0.002947292,0.005068508,0.09378819
8107542,2.22,-0.53,0.0,0.00313642,0.005120609,0.09198894
8127531,2.22,-0.53,0.0,0.003635111,0.005318927,0.09018514
8147579,2.22,-0.53,0.0,0.003759148,0.005386478,0.08845417
8167493,2.22,-0.53,0.0,0.003744182,0.005552862,0.0872869
8187510,2.22,-0.53,0.0,0.003995387,0.005674636,0.08582829
8207534,2.22,-0.53,0.0,0.004001713,0.005796015,0.08396318
8227534,2.22,-0.52,0.0,0.004148097,0.005876563,0.08246279
8247530,2.22,-0.52,0.0,0.004101361,0.006136702,0.08028215
8267493,2.22,-0.52,0.0,0.004225479,0.006460913,0.07919811
8287512,2.22,-0.52,0.0,0.004415866,0.006506883,0.07817395
8307579,2.22,-0.51,0.0,0.004775489,0.006606608,0.07669094
8327515,2.22,-0.51,0.0,0.004787498,0.006706127,0.07547867
8347523,2.22,-0.51,0.0,0.00481806,0.006795845,0.07406541
8367509,2.22,-0.52,0.0,0.005294267,0.006920152,0.0737486
8387529,2.22,-0.51,0.0,0.005615914,0.00731314,0.07271445
8407576,2.22,-0.52,0.0,0.005729377,0.007420691,0.07175585
8427509,2.22,-0.52,0.0,0.005779466,0.007501323,0.07056453
8447523,2.22,-0.51,0.0,0.006138914,0.007610498,0.06925849
8467531,2.22,-0.52,0.0,0.005934524,0.007641495,0.06820189
8487537,2.22,-0.51,0.0,0.006106176,0.007697143,0.06711314
8507527,2.22,-0.51,0.0,0.006334863,0.007671849,0.06627841
8527525,2.22,-0.52,0.0,0.006137419,0.007870843,0.06515018
8547535,2.23,-0.52,0.0,0.006100507,0.008182749,0.06405459
8567533,2.23,-0.52,0.0,0.006058084,0.008308985,0.06323865
8587508,2.23,-0.51,0.0,0.006024896,0.008702543,0.06260334
8607526,2.23,-0.51,0.0,0.005947628,0.008805096,0.06151798
8627493,2.23,-0.51,0.0,0.005887008,0.008806307,0.06062935
8647574,2.22,-0.5,0.0,0.006166067,0.00886949,0.05962825
8667508,2.23,-0.51,0.0,0.006509358,0.009074717,0.05915974
8687509,2.23,-0.51,0.0,0.006792952,0.0091063,0.05870742
8707548,2.23,-0.51,0.0,0.006830616,0.009305107,0.05659206
8727504,2.23,-0.51,0.0,0.006672726,0.009397692,0.0548659
8747533,2.23,-0.51,0.0,0.00685935,0.009557234,0.05322618
8767511,2.23,-0.51,0.0,0.00700088,0.009758797,0.05192956
8787514,2.24,-0.51,0.0,0.007038621,0.009908778,0.05051373
8807576,2.23,-0.51,0.0,0.006984048,0.01016224,0.04960155
8827493,2.24,-0.51,359.99,0.007132275,0.01047821,0.04848006
8847533,2.24,-0.51,359.99,0.007194267,0.01037795,0.04747102
8867533,2.24,-0.51,359.99,0.007238226,0.01060022,0.0470143
8887562,2.24,-0.5,359.99,0.007357064,0.01062646,0.04645315
8907530,2.24,-0.51,359.99,0.007694911,0.01068197,0.0457054
8927500,2.24,-0.51,359.99,0.007555328,0.01081644,0.04482887
8947550,2.24,-0.5,359.99,0.007607317,0.01094026,0.04387435
8967514,2.24,-0.51,359.99,0.007609756,0.0111776,0.04326453
8987514,2.24,-0.5,359.99,0.007833958,0.01140351,0.04264274
9007516,2.24,-0.51,0.0,0.007904998,0.01159771,0.04167227
9027527,2.24,-0.5,359.99,0.008202248,0.01177745,0.04110277
9047572,2.24,-0.5,0.0,0.008534035,0.01185204,0.04077459
9067511,2.24,-0.5,0.0,0.008906284,0.0119681,0.04044304
9087492,2.24,-0.5,0.0,0.009285032,0.01218979,0.04057033
9107552,2.24,-0.5,0.0,0.009491997,0.01241007,0.04001322
9127541,2.24,-0.5,0.0,0.009958543,0.01275537,0.03956166
9147526,2.25,-0.5,0.0,0.009770337,0.01295171,0.03951952
9167508,2.24,-0.5,359.99,0.01008932,0.01308414,0.03931488
9187532,2.25,-0.5,359.99,0.01022589,0.01326274,0.03900159
9207529,2.25,-0.5,359.99,0.01054067,0.01326473,0.03872936
9227514,2.25,-0.5,0.0,0.01089708,0.01362072,0.03832811
9247528,2.25,-0.5,359.99,0.01110893,0.01381165,0.03850107
9267493,2.25,-0.5,359.99,0.01102689,0.01394934,0.03783831
9287553,2.25,-0.5,359.99,0.01077362,0.01426914,0.03758568
9307529,2.25,-0.5,359.99,0.01068707,0.01453634,0.03725814
9327523,2.26,-0.5,359.99,0.01053603,0.01467374,0.03782877
9347511,2.26,-0.51,359.99,0.01077698,0.01466071,0.03826322
9367508,2.26,-0.51,359.99,0.01054665,0.01488275,0.03849541
9387511,2.26,-0.5,0.0,0.01061887,0.01522895,0.03856355
9407537,2.26,-0.51,0.0,0.01058553,0.01540221,0.03880292
9427526,2.26,-0.51,0.0,0.01069337,0.01570536,0.03856193
9447540,2.26,-0.5,0.0,0.01058846,0.01573823,0.03788543
9467509,2.26,-0.5,0.0,0.01077118,0.0158448,0.03850131
9487515,2.26,-0.51,0.0,0.01084287,0.01608999,0.03844536
9507532,2.26,-0.51,359.99,0.01088574,0.01613647,0.03793811
9527536,2.26,-0.51,0.0,0.010871,0.01629338,0.03732675
9547540,2.27,-0.51,359.99,0.01104331,0.01642297,0.03679061
9567509,2.27,-0.5,0.0,0.01109024,0.01661804,0.03636545
9587511,2.27,-0.5,360.0,0.01121456,0.01689854,0.03615762
9607535,2.27,-0.51,359.99,0.01111746,0.01722397,0.03534084
9627540,2.27,-0.5,359.99,0.01135785,0.01756247,0.03525279
9647510,2.27,-0.51,359.99,0.01155256,0.01770276,0.03479205
9667512,2.27,-0.5,359.99,0.01176739,0.01793642,0.03463202
9687532,2.27,-0.51,359.99,0.01202321,0.01818856,0.03469808
9707575,2.27,-0.51,359.99,0.01216691,0.01839761,0.03413598
9727509,2.27,-0.51,359.99,0.01238217,0.01842467,0.03393762
9747511,2.28,-0.51,359.99,0.01242507,0.01873911,0.03303312
9767511,2.28,-0.51,359.99,0.01247778,0.01873862,0.03258803
9787531,2.28,-0.51,359.99,0.01268611,0.01870005,0.03200873
9807571,2.28,-0.51,0.0,0.01271077,0.01898809,0.03116672
9827510,2.28,-0.51,359.99,0.01294397,0.01914963,0.02999345
9847531,2.28,-0.51,359.99,0.0130247,0.01947508,0.02906487
9867534,2.28,-0.51,359.99,0.01330188,0.01958741,0.02825672
9887511,2.28,-0.51,359.99,0.01313191,0.01972701,0.02752422
9907536,2.28,-0.51,359.99,0.01334069,0.01990456,0.02607111
9927541,2.29,-0.51,359.99,0.01341126,0.02019139,0.02445131
9947537,2.28,-0.51,359.99,0.01374917,0.0202794,0.0229663
9967509,2.28,-0.51,359.99,0.01405116,0.02038171,0.0217138
9987508,2.28,-0.51,359.99,0.01481852,0.02061292,0.02114778
10007530,2.28,-0.51,359.99,0.01480814,0.02084824,0.01980745
10027544,2.28,-0.51,359.99,0.014938,0.02112445,0.01869678
10047511,2.28,-0.51,359.99,0.01469492,0.02135577,0.01766197
10067516,2.28,-0.51,359.99,0.01459209,0.02144892,0.01636595
10087508,2.28,-0.51,359.99,0.01458544,0.02169788,0.01570122
10107579,2.28,-0.5,359.99,0.01453411,0.02181843,0.01472627
10127520,2.29,-0.51,359.99,0.01468816,0.02189163,0.01387091
10147512,2.29,-0.51,359.99,0.01500561,0.02231593,0.01288099
10167520,2.29,-0.51,359.99,0.01507324,0.02251759,0.01265581
10187537,2.29,-0.51,359.99,0.01537055,0.02272436,0.01188705
10207532,2.29,-0.51,359.99,0.01533384,0.02298265,0.0107423
10227507,2.29,-0.51,359.99,0.0153161,0.02329946,0.01001979
10247529,2.29,-0.51,359.99,0.0152203,0.02365075,0.008900626
10267508,2.29,-0.51,359.99,0.01524313,0.02387381,0.007895237
10287559,2.29,-0.51,359.99,0.01515783,0.02429952,0.006908626
10307512,2.29,-0.51,359.99,0.01569791,0.02460547,0.005841289
10327511,2.29,-0.51,359.99,0.01581255,0.02477389,0.004664944
10347531,2.3,-0.51,359.99,0.01611921,0.02484382,0.003617451
10367520,2.3,-0.51,359.99,0.01590505,0.02502123,0.002607269
10387508,2.3,-0.51,359.99,0.01611665,0.02534401,0.001670339
10407526,2.3,-0.51,359.99,0.01604239,0.02580108,0.0005196871
10427550,2.3,-0.51,359.99,0.01628411,0.02592472,-0.0007539453
10447511,2.3,-0.5,359.99,0.01601477,0.02625039,-0.001632379
10467509,2.3,-0.5,359.99,0.01599962,0.026451,-0.002907682
10487508,2.3,-0.5,359.99,0.01622985,0.02663982,-0.003929202
10507568,2.3,-0.5,359.99,0.01630337,0.0267592,-0.0054951
10527516,2.3,-0.49,359.99,0.01613305,0.02708039,-0.007162487
10547510,2.3,-0.5,359.99,0.01619769,0.02716928,-0.008541168
10567520,2.3,-0.49,359.99,0.01655756,0.02733762,-0.009868451
10587549,2.3,-0.49,359.99,0.01682958,0.02755827,-0.01128896
10607526,2.3,-0.5,359.99,0.01676676,0.02795027,-0.01310882
10627510,2.3,-0.49,359.99,0.0170473,0.02813859,-0.0142673
10647517,2.3,-0.49,359.99,0.0174461,0.02826818,-0.01514096
10667526,2.3,-0.49,359.99,0.01781916,0.02843303,-0.01602752
10687508,2.3,-0.49,359.99,0.01769193,0.02876732,-0.01728608
10707542,2.3,-0.49,359.99,0.01795991,0.0289298,-0.01835373
10727508,2.3,-0.49,359.99,0.0180674,0.02935094,-0.01973397
10747528,2.3,-0.49,359.99,0.01811065,0.02961988,-0.02111548
10767511,2.29,-0.49,359.99,0.0182062,0.02976676,-0.02196022
10787508,2.3,-0.49,359.99,0.01821054,0.02984576,-0.02288328
10807528,2.3,-0.49,359.99,0.01806343,0.03003396,-0.0241909
10827530,2.3,-0.49,359.99,0.01815547,0.03041368,-0.02542818
10847545,2.3,-0.49,359.99,0.01823527,0.03055333,-0.02600429
10867514,2.3,-0.49,359.99,0.01822898,0.0308555,-0.02701942
10887511,2.3,-0.49,359.99,0.01844249,0.03106756,-0.0282914
10907530,2.3,-0.49,359.99,0.01851232,0.03116002,-0.02989669
10927541,2.3,-0.49,0.0,0.0187498,0.03153903,-0.03147223
10947539,2.3,-0.49,0.0,0.01906832,0.0315978,-0.03259728
10967509,2.3,-0.49,359.99,0.01917396,0.03177149,-0.03381247
10987514,2.3,-0.49,0.0,0.01915152,0.03198615,-0.03509144
11007533,2.31,-0.49,0.0,0.01928427,0.03202695,-0.03622455
11027543,2.31,-0.49,0.0,0.01964113,0.03214334,-0.03725354
11047512,2.3,-0.49,0.0,0.01985495,0.03228055,-0.03819263
11067514,2.31,-0.49,0.0,0.01975022,0.03252921,-0.03927252
11087535,2.31,-0.48,0.0,0.01998772,0.03284254,-0.04061489
11107579,2.31,-0.48,0.0,0.0201919,0.03300085,-0.04212117
11127520,2.31,-0.48,0.0,0.02019083,0.0332657,-0.04384458
11147510,2.31,-0.48,0.0,0.02026784,0.03342537,-0.04524843
11167516,2.3,-0.48,0.0,0.0204366,0.03355407,-0.04648071
11187528,2.31,-0.48,0.0,0.02074204,0.03369487,-0.04817753
11207572,2.31,-0.48,0.0,0.02082218,0.0338788,-0.05026279
11227495,2.3,-0.47,0.0,0.02066158,0.03404624,-0.05204551
11247529,2.31,-0.47,0.0,0.02061739,0.03413522,-0.05363207
11267511,2.31,-0.47,0.0,0.02052965,0.03434551,-0.05501895
11287538,2.31,-0.46,0.0,0.02052202,0.03472653,-0.05646485
11307511,2.31,-0.46,0.0,0.02039488,0.03486878,-0.0577986
11327509,2.31,-0.46,0.0,0.0206494,0.03483465,-0.0588798
11347553,2.31,-0.46,0.0,0.02071308,0.03496588,-0.06044515
11367496,2.31,-0.46,0.0,0.02065616,0.03520538,-0.06148321
11387508,2.31,-0.46,0.0,0.02093394,0.03558696,-0.06230659
11407527,2.31,-0.46,0.0,0.0207448,0.03576994,-0.06334804
11427493,2.31,-0.46,0.0,0.02078132,0.03589445,-0.06420138
11447584,2.31,-0.46,0.0,0.02080937,0.03599344,-0.06547134
11467519,2.31,-0.46,0.0,0.02100416,0.03619793,-0.06665294
11487508,2.31,-0.46,0.0,0.02104574,0.03655034,-0.06768564
11507511,2.31,-0.46,0.0,0.0214836,0.03674288,-0.06853876
11527527,2.31,-0.46,0.0,0.02160018,0.03655298,-0.06945018
11547526,2.31,-0.45,0.0,0.02170805,0.0367035,-0.07027804
11567517,2.31,-0.45,0.0,0.02141757,0.03669448,-0.07104602
11587508,2.31,-0.45,0.0,0.02148355,0.03698887,-0.07209593
11607558,2.31,-0.45,0.0,0.02146341,0.03704636,-0.07258248
11627510,2.31,-0.45,0.0,0.02138647,0.03731235,-0.07312077
11647528,2.31,-0.45,0.0,0.02108243,0.03739511,-0.07373554
11667510,2.31,-0.45,0.0,0.02115243,0.03748566,-0.07397243
11687541,2.3,-0.45,0.0,0.02101118,0.03753156,-0.07464875
11707516,2.31,-0.44,0.0,0.02080072,0.03770583,-0.07483318
11727514,2.31,-0.44,0.0,0.02077897,0.03777017,-0.07473274
11747529,2.31,-0.44,0.0,0.02082602,0.03789444,-0.07518139
11767542,2.31,-0.44,0.0,0.02087671,0.03795141,-0.07521541
11787505,2.31,-0.45,0.0,0.02120415,0.0382771,-0.07524297
11807526,2.31,-0.44,0.0,0.02109177,0.0385844,-0.07511567
11827537,2.31,-0.44,0.0,0.02094642,0.03884758,-0.07562368
11847565,2.31,-0.44,0.0,0.0210152,0.03886161,-0.07572648
11867492,2.31,-0.44,0.0,0.02090798,0.0388931,-0.07564859
11887515,2.3,-0.44,0.01,0.02077335,0.03890337,-0.075416
11907532,2.3,-0.44,0.01,0.0205088,0.03886133,-0.0761121
11927516,2.31,-0.43,0.01,0.02045681,0.03892151,-0.07715506
11947576,2.31,-0.43,0.01,0.02051802,0.03893221,-0.0782271
11967508,2.31,-0.43,0.0,0.02057093,0.03915386,-0.07889964
11987499,2.31,-0.43,0.0,0.0205786,0.0393376,-0.07950015
12007532,2.31,-0.43,0.01,0.02041338,0.03950612,-0.08073401
12027535,2.31,-0.43,0.0,0.02029026,0.03938618,-0.08183317
12047529,2.31,-0.43,0.0,0.02024339,0.03956914,-0.08255149
12067509,2.31,-0.43,0.0,0.02036925,0.03964103,-0.08333316
12087529,2.31,-0.43,0.0,0.02046227,0.03958403,-0.08426051
12107582,2.3,-0.42,0.0,0.02064992,0.03954557,-0.08608684
12127518,2.3,-0.42,0.0,0.02086496,0.03954177,-0.08770022
12147552,2.3,-0.42,0.01,0.02085158,0.03944859,-0.08890407
12167493,2.3,-0.42,0.0,0.0207609,0.03943812,-0.09013362
12187511,2.3,-0.42,0.01,0.02072013,0.0396549,-0.09163637
12207575,2.3,-0.42,0.01,0.02059843,0.03952492,-0.09289951
12227525,2.3,-0.42,0.01,0.02057282,0.03959172,-0.09391858
12247576,2.3,-0.42,0.01,0.02107533,0.03974835,-0.0948795
12267493,2.29,-0.42,0.01,0.0210694,0.0397964,-0.09641295
12287509,2.29,-0.42,0.01,0.02096016,0.03969273,-0.09733474
12307548,2.29,-0.41,0.01,0.02098003,0.03963626,-0.09887153
12327537,2.29,-0.41,0.01,0.02111449,0.03986301,-0.1003929
12347526,2.29,-0.41,0.01,0.0215081,0.03992829,-0.1019869
12367493,2.29,-0.41,0.0,0.0211574,0.03999798,-0.1033121
12387535,2.3,-0.41,0.0,0.02112872,0.03999735,-0.1048568
12407584,2.3,-0.41,0.0,0.02122437,0.0398591,-0.1056889
12427514,2.3,-0.41,0.0,0.02101879,0.03974124,-0.1059854
12447511,2.3,-0.41,0.0,0.02078483,0.03954753,-0.1066815
12467509,2.29,-0.42,0.0,0.02100386,0.03974801,-0.1077535
12487527,2.29,-0.41,0.0,0.02082535,0.03966264,-0.108462
12507557,2.29,-0.42,0.01,0.02100291,0.03934228,-0.108911
12527518,2.29,-0.42,0.01,0.02132536,0.03911052,-0.1096972
12547511,2.29,-0.41,0.01,0.02138279,0.03904121,-0.1105
12567528,2.29,-0.41,0.01,0.02120183,0.0392385,-0.1112371
12587510,2.29,-0.41,0.01,0.02137712,0.03930949,-0.1116845
12607529,2.29,-0.41,0.01,0.02139193,0.03925642,-0.1120777
12627518,2.29,-0.41,0.01,0.02122076,0.03910908,-0.1127739
12647587,2.29,-0.41,0.01,0.02102721,0.03915783,-0.1129646
12667508,2.29,-0.41,0.01,0.02112837,0.03917984,-0.1134801
12687508,2.29,-0.41,0.01,0.02097523,0.03897672,-0.1143256
12707530,2.29,-0.41,0.01,0.02107634,0.03885017,-0.1147699
12727506,2.29,-0.41,0.01,0.02105918,0.0387146,-0.1149122
12747527,2.29,-0.41,0.01,0.02117581,0.03844461,-0.115175
12767511,2.29,-0.4,0.01,0.02142493,0.03824259,-0.115085
12787534,2.29,-0.4,0.01,0.02147738,0.03830377,-0.1158062
12807573,2.29,-0.4,0.01,0.02145138,0.0384078,-0.1159882
12827495,2.29,-0.4,0.01,0.02103565,0.03822458,-0.1165442
12847543,2.3,-0.4,0.01,0.02130714,0.03830472,-0.1168655
12867531,2.3,-0.4,0.01,0.02140424,0.03818566,-0.117136
12887541,2.3,-0.4,0.01,0.02141715,0.03828598,-0.1180666
12907512,2.3,-0.4,0.01,0.02152907,0.03833419,-0.1175207
12927513,2.3,-0.39,0.01,0.02156141,0.03819571,-0.1171953
12947534,2.3,-0.39,0.01,0.02164198,0.0379273,-0.1168206
12967512,2.3,-0.39,0.01,0.02158732,0.03808113,-0.1168034
12987536,2.3,-0.39,0.01,0.02139858,0.03840736,-0.1165258
13007543,2.3,-0.39,0.01,0.02108146,0.03828083,-0.1160056
13027493,2.3,-0.39,0.01,0.02108087,0.03836883,-0.1156011
13047580,2.3,-0.39,0.01,0.02112318,0.03837238,-0.1154399
13067511,2.3,-0.39,0.01,0.02142905,0.03836013,-0.1154159
13087499,2.3,-0.39,0.01,0.02142361,0.03849091,-0.1152873
13107546,2.3,-0.39,0.01,0.02148351,0.03859814,-0.1142782
13127539,2.3,-0.39,0.01,0.02146796,0.03854464,-0.113434
13147536,2.3,-0.39,0.01,0.02113016,0.03855762,-0.112525
13167513,2.3,-0.39,0.01,0.02129244,0.03876862,-0.1124651
13187496,2.3,-0.39,0.01,0.02112857,0.03898719,-0.1121056
13207582,2.3,-0.39,0.01,0.02075525,0.03887052,-0.1116385
13227509,2.31,-0.38,0.01,0.02081548,0.0389953,-0.1112243
13247531,2.3,-0.39,0.01,0.02094744,0.03905906,-0.111166
13267516,2.3,-0.39,0.01,0.02079066,0.03918554,-0.1113453
13287521,2.3,-0.38,0.01,0.02046151,0.03912356,-0.1113007
13307545,2.3,-0.38,0.02,0.02016563,0.03899797,-0.1115369
13327514,2.3,-0.38,0.01,0.02021746,0.03892392,-0.1112272
13347580,2.3,-0.38,0.02,0.02037043,0.03887057,-0.1114935
13367509,2.31,-0.38,0.02,0.02023389,0.0387273,-0.1114288
13387493,2.3,-0.38,0.02,0.02028216,0.03886844,-0.1118377
13407530,2.3,-0.37,0.02,0.02046204,0.03875466,-0.1122685
13427521,2.3,-0.37,0.02,0.02006976,0.03864081,-0.1129579
13447561,2.3,-0.37,0.02,0.02013765,0.03855375,-0.1132213
13467509,2.3,-0.37,0.02,0.0200648,0.03860917,-0.1136884
13487493,2.31,-0.37,0.02,0.02001941,0.03864314,-0.114396
13507545,2.31,-0.37,0.02,0.01992713,0.0384792,-0.1142377
13527543,2.31,-0.37,0.02,0.01968105,0.03849166,-0.1142145
13547541,2.31,-0.37,0.02,0.01974711,0.03832289,-0.1144633
13567510,2.31,-0.37,0.02,0.01974494,0.03849139,-0.1150426
13587510,2.31,-0.37,0.02,0.02000805,0.03861801,-0.1151671
13607585,2.31,-0.37,0.02,0.0198927,0.03845967,-0.1163597
13627508,2.31,-0.37,0.02,0.01992484,0.03837295,-0.116747
13647531,2.31,-0.37,0.02,0.02000848,0.03817188,-0.117368
13667509,2.31,-0.36,0.02,0.02012917,0.03822272,-0.1181662
13687521,2.31,-0.36,0.02,0.02016252,0.03823957,-0.1187484
13707532,2.31,-0.36,0.02,0.01968981,0.03814675,-0.1200876
13727508,2.31,-0.36,0.02,0.01953351,0.03797841,-0.1213824
13747561,2.31,-0.36,0.02,0.01977775,0.03788361,-0.1222975
13767536,2.31,-0.36,0.02,0.01988228,0.03784103,-0.1232085
13787494,2.31,-0.36,0.02,0.01979401,0.03816758,-0.1245376
13807527,2.31,-0.36,0.02,0.01927449,0.03798836,-0.1256739
13827528,2.31,-0.37,0.02,0.01913889,0.03783739,-0.1268247
13847578,2.31,-0.37,0.02,0.0189917,0.03779018,-0.127617
13867512,2.31,-0.37,0.02,0.01886991,0.03761918,-0.1281526
13887496,2.31,-0.36,0.02,0.01852889,0.0376863,-0.1291554
13907532,2.31,-0.36,0.02,0.01847724,0.03756162,-0.1295903
13927522,2.3,-0.36,0.02,0.018373,0.03744542,-0.1302198
13947554,2.3,-0.36,0.02,0.01820023,0.03732321,-0.1310633
13967514,2.3,-0.36,0.02,0.01812552,0.03704628,-0.1317202
13987493,2.3,-0.36,0.02,0.01834634,0.03719265,-0.1323113
14007536,2.3,-0.35,0.02,0.01809359,0.03709895,-0.1322062
14027516,2.3,-0.35,0.02,0.01814241,0.03697443,-0.1327526
14047528,2.3,-0.35,0.02,0.018592,0.03693372,-0.1332787
14067511,2.3,-0.35,0.02,0.01800711,0.03686097,-0.1339263
14087495,2.31,-0.35,0.02,0.0177114,0.03721217,-0.1344427
14107585,2.31,-0.35,0.02,0.01733559,0.03701773,-0.135099
14127516,2.31,-0.35,0.02,0.01732528,0.03686932,-0.1354637
14147527,2.31,-0.35,0.02,0.01717966,0.03677839,-0.135952
14167518,2.31,-0.35,0.02,0.01717959,0.03677579,-0.1361631
14187554,2.31,-0.35,0.01,0.0172357,0.03673195,-0.1366683
14207527,2.31,-0.35,0.01,0.01687579,0.03682196,-0.1370708
14227508,2.31,-0.35,0.02,0.01690638,0.03683715,-0.1376838
14247560,2.31,-0.35,0.02,0.01690138,0.03690202,-0.1382789
14267537,2.31,-0.35,0.01,0.01691042,0.03695174,-0.1385031
14287495,2.31,-0.35,0.02,0.01692035,0.03699481,-0.1391555
14307531,2.31,-0.35,0.01,0.01693521,0.03696246,-0.1397604
14327521,2.3,-0.35,0.01,0.01709199,0.03695757,-0.1401645
14347580,2.3,-0.35,0.01,0.01671436,0.0369538,-0.1404492
14367509,2.3,-0.35,0.01,0.01659051,0.0367568,-0.1413695
14387495,2.3,-0.35,0.02,0.01653326,0.0367104,-0.1423146
14407538,2.3,-0.35,0.02,0.01638351,0.03661514,-0.1430709
14427539,2.31,-0.34,0.02,0.01616343,0.03656821,-0.1441114
14447572,2.3,-0.34,0.02,0.01576339,0.03647285,-0.1455407
14467503,2.3,-0.34,0.02,0.01581019,0.03649942,-0.1462257
14487513,2.3,-0.34,0.02,0.01593384,0.03652923,-0.1469307
14507547,2.3,-0.34,0.02,0.0158694,0.03628941,-0.1476918
14527540,2.3,-0.34,0.02,0.01611128,0.03593499,-0.1477997
14547528,2.3,-0.34,0.02,0.0160202,0.03584851,-0.1485355
14567493,2.3,-0.33,0.02,0.01574875,0.03562962,-0.1488239
14587546,2.3,-0.33,0.02,0.01558932,0.03546427,-0.149287
14607536,2.3,-0.33,0.02,0.01547088,0.03521693,-0.1493572
14627499,2.3,-0.33,0.02,0.01512064,0.03494748,-0.1496325
14647529,2.3,-0.33,0.02,0.01508981,0.03483871,-0.1501246
14667525,2.3,-0.32,0.02,0.01492709,0.03496141,-0.1505354
14687520,2.3,-0.32,0.02,0.01481943,0.0347806,-0.1509798
14707534,2.3,-0.33,0.02,0.01485078,0.03440139,-0.1507125
14727515,2.3,-0.32,0.02,0.01460837,0.03442664,-0.1508938
14747511,2.3,-0.32,0.02,0.01437602,0.03441612,-0.1510252
14767535,2.3,-0.31,0.02,0.01457046,0.0343125,-0.1508783
14787508,2.3,-0.32,0.02,0.01440128,0.0342004,-0.151103
14807531,2.3,-0.32,0.02,0.01391176,0.03390238,-0.1514745
14827548,2.3,-0.32,0.02,0.01352479,0.03388878,-0.1513162
14847523,2.3,-0.31,0.02,0.01344439,0.03399854,-0.1515726
14867509,2.29,-0.31,0.02,0.01327666,0.03409418,-0.1517186
14887511,2.29,-0.31,0.02,0.01278519,0.03395648,-0.1516504
14907536,2.29,-0.32,0.02,0.01243554,0.03369811,-0.1520867
14927542,2.29,-0.31,0.02,0.01218309,0.03371648,-0.1526916
14947515,2.29,-0.32,0.02,0.01209496,0.03367294,-0.1524505
14967509,2.29,-0.31,0.02,0.01202659,0.03372665,-0.1534897
14987527,2.29,-0.31,0.02,0.01237668,0.03374078,-0.1539478
15007573,2.29,-0.31,0.02,0.01224775,0.03350711,-0.1538177
15027512,2.29,-0.31,0.02,0.01205848,0.03329397,-0.1542242
15047518,2.29,-0.31,0.02,0.01201188,0.03318451,-0.1545485
15067528,2.29,-0.31,0.02,0.01189911,0.03316402,-0.1547875
15087515,2.29,-0.31,0.02,0.01192257,0.03307869,-0.1550432
15107531,2.29,-0.31,0.02,0.01176604,0.03271575,-0.1557283
15127515,2.28,-0.31,0.02,0.01143435,0.03276054,-0.1562834
15147510,2.28,-0.31,0.02,0.01138347,0.03232917,-0.1564329
15167512,2.28,-0.31,0.02,0.01120026,0.03239137,-0.1570378
15187545,2.28,-0.31,0.02,0.0110503,0.03238344,-0.157625
15207529,2.28,-0.31,0.02,0.01075385,0.03219117,-0.1582054
15227511,2.28,-0.31,0.02,0.01082848,0.03215348,-0.1585784
15247551,2.28,-0.31,0.02,0.01088718,0.03193859,-0.1585607
15267538,2.28,-0.31,0.02,0.01095939,0.03194226,-0.1593734
15287493,2.28,-0.31,0.02,0.0111175,0.03193071,-0.1598806
15307530,2.29,-0.31,0.02,0.01085231,0.03152273,-0.1599006
15327531,2.29,-0.31,0.02,0.01079398,0.03132061,-0.1596032
15347512,2.28,-0.31,0.02,0.01036087,0.03115288,-0.1600174
15367509,2.29,-0.31,0.02,0.01016808,0.03106716,-0.1599295
15387510,2.29,-0.31,0.02,0.0103371,0.03106808,-0.1599137
15407546,2.29,-0.31,0.02,0.01035183,0.03096916,-0.1596984
15427522,2.29,-0.31,0.02,0.01041367,0.03071588,-0.1598832
15447529,2.29,-0.31,0.02,0.010568,0.03033845,-0.1598058
15467518,2.29,-0.31,0.02,0.01071189,0.03040026,-0.1596661
15487528,2.29,-0.3,0.02,0.01081735,0.03029341,-0.1595378
15507561,2.28,-0.3,0.02,0.01082772,0.02996001,-0.1592695
15527512,2.28,-0.3,0.02,0.01068461,0.02971075,-0.1597155
15547531,2.28,-0.3,0.02,0.01060249,0.02960404,-0.1600936
15567508,2.28,-0.3,0.02,0.01070689,0.02934244,-0.160254
15587537,2.28,-0.3,0.02,0.01086182,0.02908622,-0.160363
15607511,2.28,-0.3,0.02,0.01087838,0.02900904,-0.1603605
15627510,2.28,-0.29,0.02,0.01082087,0.02877473,-0.160104
15647544,2.28,-0.29,0.02,0.01030704,0.02867957,-0.1601248
15667565,2.28,-0.29,0.03,0.01049736,0.02851243,-0.1600665
15687515,2.28,-0.29,0.03,0.01041545,0.02836297,-0.160201
15707515,2.28,-0.29,0.02,0.0102627,0.02818504,-0.1606897
15727518,2.29,-0.29,0.03,0.01012903,0.02800111,-0.1610944
15747562,2.29,-0.29,0.03,0.0100138,0.02794277,-0.1614566
15767510,2.28,-0.28,0.02,0.009981813,0.02774164,-0.1615855
15787494,2.28,-0.28,0.03,0.009793567,0.02745098,-0.1620282
15807557,2.28,-0.28,0.03,0.009598966,0.02744097,-0.1622759
15827536,2.28,-0.28,0.03,0.009198427,0.02744228,-0.162502
15847536,2.29,-0.28,0.03,0.00901401,0.02736063,-0.1625445
15867508,2.29,-0.28,0.03,0.008733517,0.02705686,-0.1627876
15887502,2.29,-0.28,0.03,0.00853496,0.02690234,-0.1634401
15907552,2.29,-0.28,0.02,0.008067778,0.02678724,-0.1641357
15927538,2.29,-0.28,0.03,0.008101167,0.02655432,-0.1646025
15947531,2.29,-0.29,0.02,0.008006546,0.02668585,-0.1652718
15967513,2.29,-0.29,0.03,0.008131027,0.026556,-0.1655972
15987493,2.29,-0.29,0.02,0.008244432,0.02644008,-0.1655133
16007566,2.29,-0.29,0.02,0.007868472,0.02631577,-0.1663428
16027534,2.29,-0.29,0.02,0.008094946,0.02619174,-0.1665121
16047515,2.29,-0.29,0.02,0.00769026,0.02605444,-0.1669318
16067513,2.29,-0.29,0.02,0.007526312,0.0259329,-0.1679465
16087556,2.29,-0.29,0.02,0.007440181,0.02588549,-0.1684506
16107527,2.3,-0.29,0.02,0.007559968,0.02577862,-0.1687313
16127501,2.3,-0.29,0.02,0.007497037,0.02581439,-0.1693774
16147528,2.3,-0.29,0.02,0.00750767,0.02592356,-0.1697032
16167529,2.3,-0.29,0.02,0.007697553,0.02597663,-0.170186
16187522,2.29,-0.28,0.02,0.007631211,0.02574542,-0.1705066
16207528,2.29,-0.28,0.03,0.007632282,0.02543991,-0.1704366
16227509,2.3,-0.28,0.02,0.007422302,0.02539557,-0.1707029
16247527,2.3,-0.28,0.02,0.007316154,0.02532945,-0.1710177
16267514,2.3,-0.28,0.02,0.007361048,0.02525478,-0.1710961
16287537,2.3,-0.27,0.02,0.007218173,0.02529452,-0.1718656
16307537,2.3,-0.27,0.02,0.006989645,0.02515282,-0.1721599
16327509,2.3,-0.27,0.02,0.00668903,0.02505918,-0.1725011
16347535,2.3,-0.27,0.02,0.006296009,0.02496906,-0.1727898
16367522,2.3,-0.27,0.03,0.006726325,0.02517568,-0.1731334
16387511,2.3,-0.27,0.02,0.006598023,0.02516783,-0.1733926
16407526,2.3,-0.27,0.02,0.00624194,0.02496774,-0.1735552
16427508,2.3,-0.27,0.02,0.006096497,0.02489367,-0.1738891
16447541,2.3,-0.27,0.02,0.005722059,0.02491212,-0.1737956
16467496,2.3,-0.27,0.02,0.005632502,0.02494244,-0.1744458
16487512,2.3,-0.27,0.02,0.005240094,0.02476431,-0.1747613
16507536,2.3,-0.26,0.02,0.004871678,0.02463807,-0.1752036
16527554,2.3,-0.26,0.02,0.004733433,0.02465879,-0.1760824
16547514,2.3,-0.26,0.02,0.004675625,0.02464317,-0.1765054
16567510,2.3,-0.26,0.02,0.004673021,0.02447711,-0.1771428
16587531,2.3,-0.26,0.02,0.004264272,0.02434471,-0.1781718
16607559,2.31,-0.27,0.02,0.004339354,0.0241945,-0.1783554
16627493,2.3,-0.27,0.02,0.004311499,0.02402818,-0.1785674
16647529,2.3,-0.27,0.02,0.004458105,0.02425057,-0.178911
16667516,2.3,-0.27,0.02,0.004597795,0.02415602,-0.179172
16687492,2.31,-0.27,0.02,0.004461727,0.0241573,-0.1795612
16707531,2.31,-0.27,0.02,0.004252484,0.02406725,-0.1802002
16727514,2.31,-0.27,0.02,0.004092473,0.02387329,-0.1804309
16747557,2.31,-0.27,0.02,0.004144075,0.0239313,-0.1811835
16767537,2.31,-0.27,0.02,0.004566197,0.02393869,-0.1812901
16787508,2.31,-0.27,0.02,0.004671787,0.02408414,-0.1816701
16807527,2.31,-0.27,0.02,0.004686148,0.0239468,-0.1819726
16827506,2.31,-0.27,0.02,0.004695493,0.02396483,-0.1826388
16847534,2.31,-0.27,0.02,0.004567804,0.02375923,-0.1829789
16867517,2.31,-0.27,0.02,0.004741142,0.02370424,-0.1835909
16887515,2.31,-0.27,0.02,0.004928523,0.02369488,-0.1839926
16907580,2.31,-0.27,0.02,0.004650683,0.02355465,-0.1843047
16927495,2.31,-0.27,0.02,0.004605757,0.0234594,-0.1852236
16947529,2.31,-0.26,0.02,0.004436739,0.0236641,-0.1859799
16967515,2.31,-0.26,0.02,0.004651793,0.0236411,-0.1866142
16987540,2.31,-0.26,0.02,0.004109502,0.02358259,-0.1873744
17007532,2.31,-0.26,0.02,0.003575192,0.02361527,-0.1878863
17027502,2.32,-0.26,0.03,0.003323169,0.02351405,-0.1881246
17047529,2.32,-0.27,0.02,0.003432535,0.02357068,-0.1886261
17067538,2.32,-0.27,0.02,0.003317585,0.0233269,-0.1885308
17087510,2.32,-0.27,0.02,0.003218832,0.02350929,-0.1891862
17107513,2.32,-0.27,0.02,0.003057835,0.02351068,-0.1891154
17127527,2.32,-0.26,0.02,0.002729279,0.02353078,-0.1890154
17147555,2.32,-0.26,0.02,0.002568849,0.02357148,-0.1891153
17167509,2.32,-0.26,0.02,0.002572546,0.02336673,-0.1892714
17187507,2.32,-0.25,0.02,0.00250794,0.02350157,-0.1897314
17207536,2.32,-0.25,0.02,0.002473776,0.0233022,-0.189571
17227518,2.32,-0.26,0.02,0.00228581,0.02353823,-0.1893254
17247552,2.32,-0.25,0.02,0.002193784,0.02360165,-0.1894644
17267494,2.31,-0.25,0.02,0.00197233,0.02362478,-0.1893366
17287510,2.32,-0.25,0.02,0.001543547,0.02385834,-0.1897704
17307572,2.32,-0.26,0.02,0.001598031,0.02387867,-0.18942
17327520,2.32,-0.25,0.02,0.001546201,0.02399725,-0.1895837
17347517,2.32,-0.26,0.02,0.001243607,0.02402148,-0.1895479
17367517,2.31,-0.26,0.02,0.001050698,0.02426956,-0.1897473
17387512,2.32,-0.26,0.02,0.0008095838,0.02445282,-0.1894616
17407544,2.32,-0.26,0.02,0.0005795984,0.02441163,-0.1894133
17427525,2.32,-0.26,0.02,0.0003742983,0.02448235,-0.1891482
17447552,2.32,-0.26,0.02,0.0001747054,0.02443228,-0.1892804
17467509,2.32,-0.26,0.02,-0.0001651394,0.02463783,-0.189021
17487513,2.32,-0.26,0.02,-0.0001407265,0.02503636,-0.1892927
17507546,2.32,-0.26,0.02,-0.0002487295,0.02516092,-0.1891951
17527532,2.32,-0.26,0.02,-0.0006267115,0.02524463,-0.1886258
17547510,2.32,-0.26,0.02,-0.0007796071,0.02534781,-0.18839
17567509,2.32,-0.26,0.02,-0.00101919,0.02546971,-0.1878373
17587509,2.32,-0.26,0.02,-0.001037562,0.02551858,-0.187879
17607581,2.32,-0.26,0.02,-0.0006279604,0.02551911,-0.187894
17627509,2.32,-0.26,0.02,-0.0008486808,0.0256688,-0.1878811
17647515,2.32,-0.26,0.02,-0.001010686,0.02567234,-0.1876812
17667542,2.32,-0.26,0.02,-0.0008613332,0.02575282,-0.1878442
17687539,2.32,-0.26,0.02,-0.001253101,0.02588603,-0.1881623
17707529,2.32,-0.26,0.02,-0.00147941,0.02621428,-0.1878478
17727514,2.33,-0.26,0.02,-0.00145897,0.02627256,-0.1877999
17747510,2.32,-0.26,0.02,-0.001644677,0.02637405,-0.187603
17767531,2.32,-0.26,0.02,-0.001451714,0.02635166,-0.1876352
17787534,2.32,-0.25,0.02,-0.001560266,0.02653914,-0.1875752
17807526,2.32,-0.26,0.02,-0.00198599,0.02677823,-0.1873495
17827523,2.32,-0.25,0.02,-0.001946505,0.02715983,-0.1874168
17847538,2.32,-0.25,0.02,-0.002173811,0.02728928,-0.1877279
17867530,2.32,-0.25,0.02,-0.002247232,0.0276487,-0.187658
17887511,2.32,-0.25,0.02,-0.002851394,0.02770585,-0.1878738
17907534,2.32,-0.25,0.02,-0.003190454,0.02771061,-0.1880492
17927527,2.33,-0.26,0.02,-0.003241307,0.02789177,-0.1883307
17947545,2.33,-0.25,0.02,-0.003260827,0.02798275,-0.1882811
17967509,2.33,-0.25,0.01,-0.00344483,0.02783825,-0.1882936
17987509,2.33,-0.25,0.02,-0.003262785,0.02802548,-0.1884245
18007534,2.33,-0.25,0.02,-0.003284291,0.02814098,-0.1882827
18027534,2.33,-0.25,0.02,-0.003296256,0.02842968,-0.1884425
18047519,2.33,-0.25,0.02,-0.003451884,0.02861486,-0.1889
18067511,2.33,-0.25,0.01,-0.003852269,0.02915067,-0.1894315
18087540,2.33,-0.25,0.02,-0.004112954,0.02922485,-0.1899663
18107565,2.33,-0.25,0.02,-0.004157924,0.02940254,-0.1896495
18127518,2.33,-0.25,0.01,-0.00387759,0.02933629,-0.1892051
18147514,2.33,-0.25,0.02,-0.004329788,0.02952351,-0.1895294
18167513,2.33,-0.25,0.02,-0.004524821,0.02980108,-0.1896654
18187538,2.33,-0.25,0.01,-0.004659298,0.02990656,-0.1896764
18207533,2.32,-0.25,0.02,-0.004699554,0.02971754,-0.1897661
18227510,2.33,-0.25,0.02,-0.005283019,0.02969396,-0.1896549
18247521,2.33,-0.25,0.01,-0.00558047,0.02993325,-0.1892827
18267535,2.33,-0.25,0.01,-0.006040302,0.03009347,-0.1893108
18287507,2.33,-0.24,0.02,-0.006076837,0.03045812,-0.1892357
18307531,2.33,-0.24,0.02,-0.006322064,0.03049836,-0.1892191
18327521,2.33,-0.24,0.02,-0.006518064,0.03064345,-0.1892741
18347513,2.33,-0.24,0.02,-0.006729113,0.03105022,-0.189394
18367508,2.33,-0.24,0.02,-0.007018688,0.03108942,-0.189703
18387510,2.33,-0.24,0.02,-0.007372647,0.03126895,-0.190175
18407558,2.33,-0.24,0.01,-0.007965282,0.03158498,-0.1904166
18427498,2.33,-0.24,0.02,-0.008053744,0.03178568,-0.1903202
18447533,2.33,-0.25,0.02,-0.008640623,0.03200746,-0.1905282
18467514,2.33,-0.25,0.02,-0.008529672,0.03224265,-0.1906086
18487510,2.33,-0.25,0.01,-0.008831459,0.03223806,-0.1907944
18507558,2.34,-0.25,0.02,-0.008935695,0.03226289,-0.1902726
18527508,2.34,-0.25,0.02,-0.009147308,0.03231104,-0.1898728
18547537,2.33,-0.24,0.01,-0.009286674,0.03248296,-0.1894202
18567509,2.33,-0.24,0.01,-0.009376829,0.0328133,-0.1894148
18587536,2.34,-0.24,0.01,-0.009563714,0.03308115,-0.1895553
18607527,2.34,-0.24,0.02,-0.01000085,0.03323473,-0.1890172
18627508,2.34,-0.23,0.01,-0.01018698,0.03336741,-0.1885216
18647529,2.34,-0.23,0.02,-0.01020333,0.03342454,-0.1884399
18667534,2.33,-0.23,0.02,-0.01051334,0.03370366,-0.1882355
18687520,2.33,-0.23,0.02,-0.010861,0.03392262,-0.1878383
18707534,2.33,-0.23,0.02,-0.01138632,0.03407655,-0.1873124
18727508,2.33,-0.23,0.02,-0.01155575,0.03435777,-0.1872699
18747536,2.33,-0.23,0.02,-0.01162483,0.03459589,-0.1868558
18767511,2.33,-0.23,0.02,-0.01159315,0.0346276,-0.1864197
18787508,2.33,-0.23,0.02,-0.01200006,0.03484946,-0.1859818
18807531,2.33,-0.23,0.02,-0.01213898,0.0351835,-0.1856199
18827564,2.33,-0.23,0.02,-0.01244472,0.03545281,-0.1853432
18847519,2.33,-0.24,0.02,-0.01237435,0.03553336,-0.1852954
18867508,2.33,-0.23,0.02,-0.01259343,0.03558982,-0.184825
18887511,2.33,-0.23,0.02,-0.01235334,0.03599167,-0.1844459
18907557,2.33,-0.24,0.02,-0.01247205,0.0358193,-0.1840106
18927546,2.33,-0.23,0.02,-0.01266093,0.03585271,-0.1837755
18947513,2.33,-0.23,0.02,-0.01321527,0.03611033,-0.1833439
18967511,2.33,-0.23,0.02,-0.01317839,0.03619818,-0.1829804
18987514,2.33,-0.23,0.02,-0.01359994,0.03646703,-0.1830153
19007579,2.33,-0.23,0.02,-0.01376843,0.03662081,-0.1823997
19027508,2.33,-0.24,0.02,-0.01389782,0.03670856,-0.1823045
19047511,2.33,-0.24,0.02,-0.01399446,0.03685834,-0.1822056
19067511,2.33,-0.24,0.02,-0.01450319,0.03710807,-0.1822415
19087537,2.33,-0.24,0.02,-0.01478741,0.0372245,-0.1819628
19107532,2.33,-0.24,0.02,-0.0145865,0.03721443,-0.1813832
19127525,2.34,-0.25,0.02,-0.01435816,0.03747449,-0.1808248
19147528,2.34,-0.24,0.02,-0.01446214,0.03762012,-0.1808894
19167512,2.34,-0.25,0.02,-0.01443666,0.03777694,-0.1810838
19187518,2.34,-0.24,0.02,-0.01429749,0.03783416,-0.1810798
19207529,2.34,-0.24,0.02,-0.014678,0.0379573,-0.1803003
19227532,2.34,-0.24,0.02,-0.01466419,0.03822069,-0.1798242
19247553,2.34,-0.24,0.02,-0.01472513,0.03815594,-0.179234
19267508,2.34,-0.24,0.02,-0.01521905,0.03858968,-0.1788053
19287511,2.34,-0.24,0.02,-0.01546739,0.03890195,-0.1784835
19307549,2.34,-0.24,0.02,-0.01577796,0.03909847,-0.1776426
19327547,2.34,-0.24,0.02,-0.01589385,0.03933778,-0.1768638
19347563,2.34,-0.24,0.02,-0.01651089,0.03958106,-0.1763075
19367508,2.34,-0.24,0.02,-0.01668206,0.03977389,-0.176111
19387511,2.34,-0.24,0.03,-0.017042,0.0400744,-0.17565
19407512,2.34,-0.24,0.02,-0.01714239,0.0403215,-0.1752519
19427538,2.34,-0.24,0.02,-0.01751324,0.04047044,-0.1746124
19447527,2.35,-0.24,0.02,-0.01795955,0.04069079,-0.174191
19467494,2.35,-0.24,0.03,-0.01810718,0.04116052,-0.1737848
19487515,2.35,-0.24,0.03,-0.01852135,0.04150294,-0.1735693
19507550,2.35,-0.24,0.03,-0.01848592,0.04179736,-0.1731529
19527521,2.35,-0.25,0.03,-0.01879397,0.04201616,-0.172233
19547528,2.35,-0.25,0.03,-0.01855081,0.04224314,-0.1712058
19567519,2.35,-0.25,0.03,-0.01873173,0.04221671,-0.1704511
19587516,2.35,-0.24,0.03,-0.01864356,0.04270221,-0.1703738
19607557,2.35,-0.24,0.03,-0.01890538,0.04305298,-0.169966
19627515,2.35,-0.24,0.02,-0.01921996,0.04328487,-0.1697222
19647528,2.36,-0.24,0.03,-0.01918237,0.04351847,-0.1692556
19667526,2.36,-0.24,0.03,-0.01909323,0.04365174,-0.1689334
19687536,2.36,-0.24,0.03,-0.0191516,0.04398276,-0.1689321
19707513,2.36,-0.24,0.03,-0.01931505,0.04411141,-0.1686631
19727525,2.36,-0.24,0.02,-0.019456,0.04436295,-0.1686042
19747530,2.36,-0.24,0.02,-0.01969378,0.04459353,-0.1681866
19767550,2.36,-0.25,0.02,-0.01988058,0.04488093,-0.1678953
19787536,2.36,-0.25,0.02,-0.01987137,0.04524862,-0.1679653
19807513,2.36,-0.24,0.02,-0.01995902,0.04538325,-0.1671841
19827511,2.36,-0.24,0.02,-0.01985562,0.04549485,-0.1668145
19847560,2.36,-0.24,0.02,-0.02003741,0.04560169,-0.1667792
19867508,2.36,-0.24,0.02,-0.02050128,0.0459884,-0.1667197
19887503,2.36,-0.24,0.02,-0.02046793,0.04618028,-0.1664987
19907545,2.36,-0.24,0.02,-0.02052447,0.04640792,-0.1659973
19927541,2.36,-0.25,0.02,-0.02024349,0.04657582,-0.1658143
19947528,2.36,-0.25,0.02,-0.02023228,0.04672496,-0.1652899
19967494,2.36,-0.25,0.02,-0.02046094,0.04713133,-0.164931
19987515,2.36,-0.25,0.02,-0.0206904,0.04734125,-0.1647729
20007547,2.36,-0.25,0.02,-0.02068148,0.04753548,-0.1645784
20027534,2.37,-0.25,0.02,-0.02103942,0.04786585,-0.1643689
20047516,2.37,-0.25,0.02,-0.02077033,0.04825768,-0.1638347
20067511,2.37,-0.25,0.02,-0.02098535,0.04860283,-0.1638646
20087509,2.37,-0.25,0.02,-0.020824,0.04911192,-0.1635634
20107582,2.37,-0.25,0.02,-0.02073705,0.04920512,-0.1628421
20127497,2.37,-0.25,0.02,-0.02070913,0.04948002,-0.1627879
20147526,2.37,-0.25,0.02,-0.02098257,0.0499463,-0.1626057
20167514,2.37,-0.26,0.02,-0.02100193,0.05006234,-0.1625447
20187535,2.37,-0.26,0.02,-0.02106811,0.05045462,-0.1622493
20207528,2.37,-0.25,0.02,-0.02088076,0.05058032,-0.1623031
20227510,2.37,-0.26,0.02,-0.02081901,0.05074938,-0.1621677
20247531,2.37,-0.25,0.02,-0.02113574,0.05129535,-0.162026
20267524,2.37,-0.26,0.02,-0.0208231,0.05160669,-0.1618907
20287510,2.38,-0.26,0.02,-0.02115827,0.05197956,-0.161766
20307527,2.38,-0.26,0.02,-0.02148052,0.05222085,-0.1615649
20327523,2.38,-0.26,0.02,-0.02183671,0.05263331,-0.1608962
20347560,2.38,-0.26,0.02,-0.02178204,0.05313645,-0.1608552
20367493,2.37,-0.26,0.02,-0.02165563,0.05345093,-0.1605819
20387509,2.37,-0.26,0.02,-0.02159112,0.05372103,-0.1606191
20407559,2.37,-0.26,0.02,-0.02202929,0.05408895,-0.1604387
20427537,2.37,-0.26,0.02,-0.02202785,0.05443347,-0.1598342
20447528,2.37,-0.26,0.02,-0.02218535,0.05463974,-0.1595312
20467493,2.37,-0.26,0.02,-0.02234296,0.05499514,-0.1595445
20487539,2.37,-0.26,0.02,-0.02211788,0.05535858,-0.1596146
20507570,2.37,-0.26,0.02,-0.02247779,0.05573643,-0.1592534
20527519,2.37,-0.26,0.02,-0.02237822,0.05605364,-0.1588819
20547528,2.37,-0.26,0.02,-0.02237321,0.05616889,-0.1585497
20567514,2.37,-0.26,0.02,-0.02253304,0.05645801,-0.1582378
20587569,2.37,-0.26,0.02,-0.02266789,0.05702094,-0.1584272
20607527,2.38,-0.26,0.02,-0.02285521,0.05730754,-0.1582598
20627514,2.38,-0.26,0.02,-0.02281909,0.05751761,-0.1578654
20647529,2.38,-0.26,0.02,-0.02303143,0.05773244,-0.1576852
20667509,2.38,-0.26,0.02,-0.02303231,0.05803588,-0.1574744
20687515,2.38,-0.26,0.01,-0.02329299,0.0583385,-0.1580601
20707581,2.38,-0.26,0.02,-0.02331776,0.05845243,-0.1574483
20727493,2.38,-0.26,0.02,-0.02317153,0.05883123,-0.1571858
20747527,2.38,-0.26,0.02,-0.02326836,0.05917214,-0.1570306
20767510,2.38,-0.26,0.02,-0.02336753,0.05938472,-0.1570734
20787525,2.38,-0.26,0.02,-0.02317748,0.0599938,-0.1565914
20807526,2.38,-0.26,0.02,-0.02355925,0.06056826,-0.1562
20827510,2.38,-0.26,0.02,-0.02348275,0.06066211,-0.15531
20847543,2.38,-0.25,0.02,-0.02345187,0.06099663,-0.1549567
20867536,2.38,-0.26,0.02,-0.02366076,0.0611777,-0.1549
20887510,2.38,-0.26,0.01,-0.0233406,0.06146948,-0.1544921
20907529,2.38,-0.26,0.02,-0.02348035,0.06150642,-0.15401
20927519,2.38,-0.26,0.02,-0.02354471,0.06189729,-0.1535494
20947556,2.38,-0.26,0.01,-0.02346679,0.06223692,-0.1525199
20967514,2.39,-0.26,0.01,-0.02328775,0.06290791,-0.1521505
20987513,2.39,-0.26,0.01,-0.02314289,0.06336776,-0.1517099
21007528,2.38,-0.26,0.01,-0.02316485,0.06372525,-0.1511777
21027511,2.33,-0.41,359.98,0.004095541,0.05475188,-0.1973029
21047578,2.32,-0.29,359.79,0.01433299,0.06700329,-0.1323108
21067512,2.35,-0.28,359.75,0.009909494,0.07238895,-0.143609
21087517,2.48,-0.36,359.98,0.0550089,0.0372978,-0.1954092
21107550,2.36,-0.34,0.39,0.1221258,0.06209612,-0.1477895
21127497,2.31,-0.37,0.88,0.2298917,0.05523881,-0.1567598
21147533,2.45,-0.34,1.17,0.2861963,0.03035335,-0.1527662
21167510,2.28,-0.33,1.11,0.3393448,0.07607433,-0.1601791
21187537,2.31,-0.36,0.93,0.3834705,0.08925438,-0.1631476
21207527,2.27,-0.31,0.76,0.4069953,0.09121636,-0.1113464
21227493,2.55,-0.26,0.86,0.4384594,0.04753788,-0.1537925
21247540,2.32,-0.42,1.19,0.4928792,0.03294737,-0.1384323
21267545,2.3,-0.39,1.45,0.5275738,0.0442335,-0.2192518
21287507,2.23,-0.42,1.49,0.5917442,0.06803041,-0.1512282
21307512,2.27,-0.37,1.52,0.6266765,0.05105482,-0.1651424
21327529,2.22,-0.36,1.61,0.6477947,0.07099762,-0.1629468
21347528,2.39,-0.51,1.67,0.7146752,0.06250313,-0.228221
21367510,2.12,-0.51,1.66,0.7089576,0.07773404,-0.1628971
21387533,2.41,-0.52,1.56,0.7249928,0.06898347,-0.1482673
21407569,2.39,-0.43,1.53,0.7494623,0.07513644,-0.1655428
21427508,2.28,-0.48,1.5,0.7850482,0.08884609,-0.1763477
21447535,2.23,-0.49,1.6,0.7925146,0.0840572,-0.1705822
21467548,2.19,-0.47,1.62,0.8086558,0.08444101,-0.1632603
21487513,2.37,-0.39,1.55,0.8442186,0.1043285,-0.1807937
21507532,2.35,-0.37,1.61,0.8372104,0.08395918,-0.1657858
21527507,2.23,-0.51,1.6,0.878471,0.06741165,-0.2517897
21547521,2.19,-0.45,1.58,0.8888898,0.09121842,-0.1816149
21567537,2.66,-0.52,1.36,0.9692292,0.08179323,-0.2095337
21587507,2.08,-0.38,0.99,0.9840611,0.1178272,-0.2123964
21607527,2.0,-0.45,0.76,0.9786208,0.1071367,-0.2186277
21627520,2.22,-0.33,0.64,1.022344,0.06956166,-0.2322331
21647553,2.22,-0.19,0.66,1.042395,0.05264862,-0.2427108
21667508,2.18,-0.24,0.7,1.056724,0.0611674,-0.1631308
21687506,2.05,-0.21,0.72,1.095863,0.07253464,-0.2587879
21707592,2.2,-0.07,0.67,1.130025,0.07091266,-0.2494411
21727510,2.08,-0.23,0.61,1.116534,0.06505211,-0.1784838
21747528,2.11,-0.1,0.48,1.139947,0.09354506,-0.1639857
21767510,2.08,-0.25,0.35,1.175548,0.03591071,-0.3361064
21787510,1.95,-0.2,0.17,1.192841,0.0678641,-0.192116
21807529,1.96,-0.05,359.8,1.229482,0.06546886,-0.1983144
21827510,1.99,-0.1,359.42,1.277807,0.05672178,-0.2562743
21847543,1.87,-0.1,359.24,1.27587,0.07142695,-0.1751802
21867533,2.03,-0.23,359.2,1.294078,0.05687815,-0.2603717
21887496,2.26,-0.23,359.23,1.320323,0.01359076,-0.3132847
21907535,2.3,-0.22,359.27,1.337891,0.06831623,-0.2908372
21927523,2.18,-0.24,359.35,1.328993,0.009110529,-0.2214384
21947529,2.08,-0.21,359.58,1.344297,0.04124451,-0.2601508
21967508,2.22,-0.12,359.73,1.36148,0.02689993,-0.2492083
21987511,2.2,-0.21,359.85,1.389961,0.09579266,-0.3185128
22007584,2.16,-0.16,359.95,1.428777,0.0377324,-0.2232272
22027508,2.18,-0.11,0.05,1.427819,0.05173948,-0.2976463
22047528,2.21,-0.19,0.15,1.452867,0.04744424,-0.3086157
22067510,2.27,-0.2,0.25,1.474678,0.06778794,-0.294211
22087496,1.91,-0.19,0.48,1.489838,0.04486766,-0.2916404
22107566,1.85,-0.39,0.78,1.510572,0.06279066,-0.2808191
22127529,1.95,-0.4,0.99,1.557115,0.02367327,-0.2996697
22147528,1.88,-0.48,1.05,1.587931,0.06497785,-0.3010472
22167513,2.01,-0.56,1.03,1.583827,0.06263851,-0.2677571
22187496,2.05,-0.37,1.05,1.646364,0.09704946,-0.3106921
22207529,1.97,-0.61,0.98,1.682835,0.07410777,-0.2331114
22227509,1.94,-0.49,0.82,1.671856,0.0668548,-0.2955444
22247548,1.97,-0.38,0.81,1.673138,0.09272835,-0.3341809
22267535,2.25,-0.63,0.91,1.656541,0.06659379,-0.3544321
22287501,1.84,-0.48,1.12,1.672997,0.09769628,-0.2894731
22307529,1.93,-0.25,1.17,1.741092,0.07514165,-0.2295037
22327558,2.18,-0.22,1.14,1.749203,0.0965142,-0.3214389
22347554,2.2,-0.16,1.22,1.759303,0.08679749,-0.3131801
22367510,2.28,-0.23,1.16,1.799392,0.1202025,-0.2933748
22387497,2.25,-0.15,1.09,1.793924,0.09538998,-0.2958297
22407587,2.46,-0.26,1.12,1.818443,0.08827657,-0.3275654
22427513,2.13,0.07,1.15,1.850775,0.1101769,-0.2617778
22447528,2.57,-0.32,0.92,1.920615,0.1616864,-0.4421632
22467549,2.17,-0.17,0.62,1.907703,0.1108322,-0.345679
22487508,2.1,-0.08,0.41,1.918169,0.1116332,-0.3979445
22507531,2.27,-0.01,0.18,1.960243,0.114101,-0.313766
22527508,2.1,-0.09,359.99,1.977039,0.086469,-0.317737
22547535,2.18,-0.21,359.77,2.026158,0.1261884,-0.340851
22567521,2.26,-0.39,359.51,1.999893,0.1152254,-0.2233607
22587494,2.11,-0.14,359.22,2.008611,0.09645313,-0.3995073
22607527,2.07,-0.16,358.95,2.030419,0.08136809,-0.39591
22627508,2.05,0.01,358.76,2.065761,0.06393899,-0.404412
22647569,2.01,-0.29,358.69,2.062093,0.03513059,-0.4869661
22667507,1.62,0.0,358.75,2.097765,0.07263142,-0.4360685
22687508,1.07,-1.85,358.77,1.645744,0.3030885,-0.759584
22707577,1.52,-1.57,356.48,1.732923,0.2262615,-0.06016441
22727523,-0.24,-1.99,353.9,1.940782,0.255242,0.3996104
22747526,0.53,-4.8,350.54,1.807789,0.08791579,0.3322103
22767502,0.69,-4.33,347.47,1.781068,0.2844133,0.4345699
22787516,1.49,-3.35,344.81,1.738966,0.150083,0.5445125
22807579,1.05,-1.67,342.43,1.576805,0.2834401,0.6426671
22827496,1.24,0.69,340.64,1.523397,0.1609237,0.2683472
22847536,1.35,0.35,339.8,1.563786,0.2286212,0.4013615
22867514,1.46,0.55,338.9,1.45401,0.1200073,0.3617292
22887539,0.97,1.27,338.39,1.457703,0.0858839,0.4948297
22907512,0.99,1.01,338.26,1.371773,0.02640529,0.3775831
22927516,1.64,0.71,338.26,1.357075,-0.02762772,0.4228758
22947577,1.31,1.01,338.44,1.308614,-0.06711127,0.4158779
22967493,1.22,1.04,338.69,1.300343,-0.08082535,0.4081893
22987516,1.15,1.13,338.88,1.326137,-0.0521464,0.4008557
23007533,1.09,1.19,338.87,1.33941,-0.03305298,0.4106694
23027537,1.17,1.12,338.77,1.331968,-0.03760329,0.3983976
23047514,1.13,1.12,338.64,1.317843,-0.04550894,0.4043059
23067510,1.09,1.17,338.62,1.280372,-0.04603096,0.4150569
23087514,1.18,1.08,338.62,1.260741,-0.03801567,0.3899555
23107532,1.15,1.14,338.69,1.239684,-0.03976419,0.4125103
23127539,1.11,1.19,338.76,1.232386,-0.04125004,0.4050834
23147513,1.12,1.18,338.78,1.232109,-0.0344266,0.401049
23167507,1.13,1.17,338.75,1.227208,-0.03373673,0.4031771
23187539,1.13,1.17,338.72,1.210243,-0.03695755,0.4035287
23207532,1.08,1.22,338.72,1.196824,-0.03489185,0.4133126
23227507,1.06,1.25,338.74,1.181623,-0.03585015,0.4109881
23247525,1.07,1.25,338.77,1.171252,-0.03538899,0.4053639
23267527,1.09,1.23,338.77,1.167889,-0.03201413,0.4030513
23287534,1.07,1.25,338.75,1.156491,-0.03341136,0.4068821
23307526,1.06,1.26,338.75,1.141839,-0.03388489,0.4096698
23327503,1.05,1.29,338.76,1.130391,-0.0353333,0.408453
23347544,1.06,1.28,338.77,1.120384,-0.03514564,0.4076048
23367535,1.05,1.3,338.77,1.113727,-0.0344706,0.4082666
23387511,1.05,1.29,338.77,1.104686,-0.03558418,0.407875
23407518,1.05,1.3,338.77,1.092306,-0.03738417,0.4097714
23427525,1.05,1.31,338.77,1.079682,-0.03740755,0.4095877
23447554,1.03,1.33,338.78,1.070556,-0.03742471,0.4115126
23467493,1.02,1.34,338.78,1.061764,-0.03842494,0.4105417
23487513,1.03,1.34,338.78,1.051633,-0.03670083,0.4101731
23507543,1.02,1.35,338.78,1.040632,-0.03751082,0.4102815
23527523,1.02,1.35,338.78,1.029871,-0.03777679,0.4106376
23547532,1.02,1.36,338.79,1.020528,-0.03767642,0.4109848
23567507,1.01,1.37,338.79,1.010472,-0.03856982,0.4100553
23587510,1.01,1.38,338.79,1.000535,-0.03946768,0.4107073
23607530,1.0,1.39,338.79,0.9891632,-0.04009956,0.4107631
23627540,1.0,1.39,338.79,0.9802877,-0.04083886,0.4085662
23647534,0.99,1.41,338.79,0.9698179,-0.04037384,0.4091166
23667508,0.99,1.42,338.79,0.9596342,-0.04158974,0.4104946
23687526,0.99,1.42,338.8,0.9498093,-0.04167321,0.4107482
23707543,0.98,1.44,338.8,0.9387469,-0.04149305,0.4111134
23727518,0.98,1.45,338.8,0.9285939,-0.04180511,0.4108934
23747531,0.98,1.45,338.8,0.9176787,-0.04273576,0.4101075
23767550,0.98,1.46,338.81,0.9076825,-0.04255306,0.4101647
23787508,0.97,1.47,338.81,0.8986739,-0.04188804,0.4102125
23807512,0.97,1.48,338.81,0.8869333,-0.04221195,0.4093496
23827518,0.97,1.49,338.81,0.8757269,-0.04271019,0.4092281
23847554,0.96,1.5,338.81,0.8649734,-0.04310394,0.4090466
23867534,0.96,1.5,338.82,0.8550908,-0.04299442,0.407965
23887496,0.96,1.51,338.82,0.8456458,-0.04333805,0.4081478
23907530,0.96,1.52,338.82,0.834007,-0.04502721,0.4085203
23927530,0.96,1.53,338.82,0.8226481,-0.04576344,0.4078894
23947540,0.95,1.54,338.82,0.8117094,-0.04762076,0.4075926
23967509,0.95,1.55,338.82,0.8015494,-0.04965481,0.4073023
23987493,0.95,1.55,338.82,0.7913206,-0.04933162,0.4063731
24007556,0.94,1.56,338.83,0.7801616,-0.04942118,0.4058326
24027536,0.94,1.57,338.83,0.7686135,-0.04984936,0.4049266
24047532,0.94,1.58,338.83,0.7579517,-0.05098835,0.4043075
24067511,0.94,1.59,338.83,0.7478308,-0.05145141,0.4040358
24087498,0.93,1.6,338.84,0.7379687,-0.05209856,0.4033175
24107571,0.92,1.61,338.84,0.7252623,-0.05276437,0.4025655
24127510,0.92,1.61,338.84,0.7139962,-0.05358475,0.4017087
24147527,0.92,1.63,338.84,0.7029037,-0.05463251,0.4010008
24167493,0.91,1.64,338.84,0.6926063,-0.05546973,0.3999971
24187542,0.91,1.64,338.85,0.6819215,-0.05659621,0.3994672
24207527,0.91,1.65,338.85,0.6701773,-0.05774714,0.3985659
24227493,0.9,1.66,338.85,0.6588098,-0.058552,0.3978629
24247540,0.9,1.67,338.85,0.6474876,-0.06002355,0.3974447
24267562,0.89,1.68,338.86,0.6368492,-0.06080796,0.3963902
24287495,0.89,1.7,338.86,0.6270913,-0.06207266,0.3960256
24307530,0.89,1.7,338.86,0.6149085,-0.0626342,0.3946332
24327508,0.89,1.71,338.86,0.6031383,-0.06374737,0.3936328
24347568,0.88,1.72,338.86,0.5922821,-0.06444378,0.3926677
24367493,0.88,1.74,338.87,0.5817146,-0.06575711,0.3913401
24387511,0.88,1.75,338.87,0.5715169,-0.06692658,0.3909532
24407565,0.88,1.75,338.87,0.5595174,-0.06811021,0.3897035
24427508,0.88,1.76,338.87,0.547327,-0.06970622,0.3883167
24447526,0.88,1.78,338.87,0.5363917,-0.07067081,0.3874008
24467493,0.87,1.79,338.87,0.5255504,-0.07158362,0.3861159
24487562,0.87,1.8,338.87,0.5154237,-0.07217358,0.3852309
24507529,0.87,1.8,338.87,0.5034138,-0.07266838,0.3842186
24527522,0.87,1.81,338.87,0.491918,-0.07317027,0.3831783
24547546,0.86,1.82,338.87,0.4808722,-0.07417375,0.3823927
24567493,0.86,1.83,338.88,0.4703354,-0.07495863,0.3816737
24587521,0.86,1.84,338.88,0.4598379,-0.07604112,0.3806356
24607528,0.86,1.84,338.88,0.4474989,-0.07730935,0.379405
24627544,0.86,1.85,338.88,0.4358472,-0.07845148,0.3779463
24647493,0.85,1.86,338.88,0.4249148,-0.07949427,0.3765188
24667508,0.85,1.87,338.88,0.4143126,-0.0803347,0.3753453
24687513,0.84,1.88,338.89,0.404303,-0.08061642,0.3744398
24707604,0.84,1.89,338.89,0.3925373,-0.08174816,0.3731177
24727509,0.84,1.9,338.89,0.3810567,-0.08282237,0.3718541
24747494,0.84,1.91,338.89,0.370167,-0.08423968,0.3705334
24767530,0.84,1.92,338.89,0.3595702,-0.08562184,0.3689778
24787508,0.84,1.92,338.9,0.3492096,-0.08659217,0.368097
24807527,0.83,1.93,338.9,0.3373781,-0.0877317,0.3672485
24827510,0.83,1.94,338.9,0.3257357,-0.08921033,0.366291
24847528,0.82,1.95,338.9,0.3145396,-0.08990131,0.3648384
24867510,0.82,1.96,338.9,0.3040702,-0.0906892,0.363856
24887510,0.82,1.96,338.9,0.2940291,-0.09230888,0.3627766
24907543,0.82,1.97,338.91,0.2819031,-0.09369581,0.3614126
24927546,0.82,1.98,338.91,0.2706021,-0.09467945,0.3600703
24947523,0.81,1.99,338.91,0.2596023,-0.0957028,0.3586499
24967515,0.81,2.0,338.91,0.2492552,-0.09688831,0.3574114
24987537,0.81,2.01,338.91,0.2386685,-0.09831102,0.3559554
25007547,0.81,2.01,338.91,0.2268977,-0.09951419,0.3542425
25027513,0.8,2.02,338.91,0.2157641,-0.1001463,0.3528598
25047582,0.8,2.03,338.91,0.2048158,-0.1010259,0.3515745
25067511,0.8,2.04,338.91,0.1944425,-0.1021349,0.3503084
25087493,0.8,2.05,338.91,0.1845604,-0.1032107,0.3494479
25107526,0.8,2.06,338.91,0.1725782,-0.1047538,0.3478159
25127552,0.79,2.07,338.92,0.1616728,-0.1062083,0.3467254
25147536,0.79,2.07,338.92,0.1513467,-0.1070102,0.3446659
25167515,0.79,2.07,338.92,0.1411014,-0.1078461,0.3438678
25187508,0.78,2.08,338.92,0.131519,-0.108973,0.342607
25207547,0.78,2.09,338.92,0.1202916,-0.1103342,0.3406606
25227495,0.78,2.1,338.92,0.109132,-0.1116648,0.3394274
25247526,0.78,2.11,338.92,0.0985667,-0.1125742,0.3379241
25267510,0.78,2.11,338.93,0.08875891,-0.1135074,0.3366179
25287544,0.77,2.12,338.93,0.07845393,-0.1143456,0.3351892
25307529,0.77,2.12,338.93,0.06779132,-0.1155023,0.332921
25327501,0.77,2.14,338.93,0.05738674,-0.116403,0.3315784
25347543,0.77,2.14,338.93,0.04629697,-0.1174142,0.3298931
25367535,0.77,2.15,338.93,0.03629235,-0.118796,0.3276876
25387510,0.77,2.16,338.94,0.02650141,-0.1199629,0.3262132
25407529,0.76,2.16,338.94,0.01558478,-0.1208509,0.3242795
25427504,0.76,2.17,338.94,0.005421132,-0.121761,0.3225985
25447552,0.76,2.17,338.94,-0.004819016,-0.1218808,0.3202617
25467508,0.76,2.19,338.94,-0.01456647,-0.1227816,0.319254
25487508,0.76,2.2,338.94,-0.02408008,-0.1226266,0.3179368
25507546,0.76,2.2,338.94,-0.03495903,-0.1238384,0.3157708
25527496,0.76,2.21,338.95,-0.04514396,-0.1243954,0.3142679
25547529,0.76,2.21,338.95,-0.05505465,-0.1246065,0.3122377
25567515,0.76,2.22,338.95,-0.06481353,-0.1240376,0.3103719
25587512,0.75,2.23,338.95,-0.07305513,-0.1232535,0.3092654
25607558,0.75,2.23,338.95,-0.08348022,-0.1237059,0.3070633
25627519,0.75,2.23,338.95,-0.09324753,-0.1242845,0.3051084
25647541,0.75,2.24,338.95,-0.1031994,-0.1234073,0.3034592
25667524,0.75,2.25,338.95,-0.1112366,-0.1230273,0.3024665
25687519,0.75,2.25,338.95,-0.1196557,-0.12166,0.3006213
25707530,0.74,2.26,338.95,-0.1302769,-0.1224055,0.2989773
25727508,0.74,2.27,338.95,-0.1401124,-0.1227982,0.2977526
25747532,0.74,2.28,338.95,-0.1501594,-0.1235485,0.2965603
25767534,0.74,2.28,338.96,-0.1598509,-0.1241145,0.2959213
25787530,0.75,2.29,338.96,-0.16807,-0.1241486,0.2934231
25807527,0.75,2.29,338.96,-0.1773965,-0.1240524,0.2906689
25827511,0.75,2.29,338.96,-0.1876795,-0.1242855,0.2894747
25847521,0.74,2.3,338.96,-0.1973187,-0.124893,0.2885889
25867527,0.74,2.31,338.96,-0.2063314,-0.1258958,0.2869583
25887511,0.74,2.32,338.96,-0.2146465,-0.1268314,0.2856842
25907531,0.73,2.33,338.96,-0.2238637,-0.1270322,0.2838155
25927527,0.73,2.34,338.96,-0.2334548,-0.1279524,0.2827483
25947542,0.73,2.34,338.97,-0.2427595,-0.1283969,0.2813874
25967510,0.73,2.35,338.97,-0.252066,-0.1289443,0.2804105
25987512,0.72,2.36,338.97,-0.2604362,-0.1300572,0.2793498
26007574,0.72,2.36,338.97,-0.2701443,-0.1297096,0.2777306
26027507,0.73,2.37,338.98,-0.2786922,-0.1296903,0.2764589
26047511,0.72,2.37,338.98,-0.2877426,-0.1296726,0.2749275
26067512,0.72,2.38,338.98,-0.2962497,-0.1295254,0.2734932
26087511,0.72,2.38,338.98,-0.3041889,-0.1298712,0.272527
26107585,0.72,2.38,338.98,-0.3130588,-0.1298304,0.2709152
26127523,0.72,2.39,338.98,-0.322115,-0.129937,0.269494
26147511,0.72,2.4,338.98,-0.3312281,-0.1303499,0.2680032
26167559,0.72,2.4,338.98,-0.3398127,-0.1312834,0.2662092
26187510,0.72,2.41,338.98,-0.3480635,-0.13214,0.2648799
26207531,0.72,2.41,338.98,-0.3567483,-0.1329103,0.2635045
26227551,0.72,2.42,338.98,-0.365355,-0.1337122,0.2620729
26247511,0.72,2.42,338.98,-0.374037,-0.1343776,0.2604054
26267511,0.72,2.43,338.98,-0.382387,-0.1353764,0.2584791
26287530,0.72,2.43,338.98,-0.3912835,-0.1361138,0.2572762
26307580,0.72,2.43,338.99,-0.4002019,-0.1369678,0.2555208
26327508,0.72,2.44,338.99,-0.4074337,-0.1372026,0.2540588
26347514,0.72,2.45,338.99,-0.415171,-0.137589,0.2524458
26367539,0.72,2.45,338.99,-0.4250012,-0.1384319,0.2512369
26387545,0.72,2.45,338.99,-0.4334532,-0.1390723,0.249758
26407533,0.72,2.46,338.99,-0.4408903,-0.1390455,0.247876
26427508,0.72,2.46,338.99,-0.4492704,-0.1398257,0.2462934
26447524,0.72,2.47,338.99,-0.4580867,-0.1406518,0.2450242
26467540,0.72,2.47,338.99,-0.4658772,-0.1410263,0.2435053
26487508,0.72,2.48,338.99,-0.4736326,-0.1413196,0.2417002
26507537,0.72,2.48,338.99,-0.4816373,-0.1419981,0.2398563
26527533,0.72,2.48,338.99,-0.4897036,-0.1423419,0.2381987
26547541,0.72,2.48,338.99,-0.498895,-0.1431513,0.2367121
26567508,0.72,2.49,338.99,-0.5072848,-0.1442171,0.2352393
26587511,0.72,2.49,339.0,-0.5136119,-0.1444707,0.2336206
26607527,0.72,2.5,339.0,-0.5205347,-0.1442605,0.2318495
26627525,0.72,2.5,338.99,-0.5288527,-0.1444584,0.2302857
26647538,0.72,2.51,339.0,-0.5374365,-0.145322,0.2284867
26667515,0.72,2.51,339.0,-0.5452441,-0.1455394,0.2267116
26687513,0.72,2.52,339.0,-0.5518092,-0.1458994,0.2251097
26707561,0.73,2.52,339.0,-0.5589924,-0.1462611,0.2232979
26727535,0.73,2.52,339.0,-0.5669434,-0.1465247,0.2217706
26747511,0.72,2.52,338.99,-0.5747201,-0.1471978,0.219916
26767511,0.73,2.53,339.0,-0.5821189,-0.1478241,0.2184278
26787526,0.72,2.53,339.0,-0.5888706,-0.1481215,0.2167932
26807577,0.72,2.54,339.0,-0.5956852,-0.1482591,0.2152281
26827502,0.72,2.54,338.99,-0.6031899,-0.1486616,0.2131465
26847537,0.72,2.54,338.99,-0.610759,-0.1493122,0.2116098
26867508,0.72,2.55,338.99,-0.6181988,-0.1499966,0.2098362
26887542,0.72,2.55,339.0,-0.6257655,-0.1504075,0.2084307
26907514,0.72,2.56,338.99,-0.6326229,-0.1506246,0.2064201
26927514,0.72,2.56,339.0,-0.6397308,-0.1509629,0.2045816
26947531,0.73,2.56,338.99,-0.6466507,-0.1513626,0.2031492
26967516,0.73,2.56,338.99,-0.6531169,-0.1514912,0.2018343
26987536,0.73,2.56,338.99,-0.6602803,-0.1516846,0.1997754
27007536,0.72,2.57,338.99,-0.6670724,-0.1519613,0.1982715
27027512,0.71,2.58,339.0,-0.6747489,-0.1521413,0.1957437
27047511,0.71,2.58,339.0,-0.6815481,-0.1521921,0.1938295
27067532,0.71,2.58,339.0,-0.6877472,-0.1525972,0.1930546
27087526,0.72,2.58,339.0,-0.6940932,-0.1523436,0.1910523
27107535,0.71,2.59,339.0,-0.701,-0.1526617,0.1889587
27127537,0.71,2.6,339.0,-0.7075843,-0.1529279,0.1875799
27147541,0.74,2.57,338.99,-0.7134611,-0.1531706,0.1869471
27167508,0.73,2.58,338.99,-0.7203259,-0.1532799,0.1830013
27187509,0.73,2.59,338.99,-0.7260665,-0.1521782,0.1821515
27207565,0.77,2.57,338.98,-0.7324193,-0.1526906,0.1798989
27227510,0.76,2.58,338.98,-0.7391146,-0.1536652,0.1787392
27247511,0.76,2.58,338.98,-0.7452372,-0.1535714,0.1780138
27267508,0.76,2.58,338.98,-0.750559,-0.153374,0.176053
27287526,0.76,2.58,338.98,-0.7560371,-0.1536398,0.1745008
27307563,0.77,2.59,338.97,-0.7625501,-0.1532142,0.1729802
27327508,0.77,2.58,338.97,-0.7704606,-0.1534999,0.1717296
27347511,0.78,2.58,338.97,-0.7768899,-0.1534775,0.1699379
27367526,0.77,2.59,338.98,-0.7805356,-0.152853,0.1689428
27387540,0.78,2.58,338.97,-0.7860175,-0.1524233,0.1671743
27407531,0.8,2.57,338.96,-0.7923498,-0.1527024,0.165546
27427508,0.8,2.56,338.96,-0.7992502,-0.1528007,0.164201
27447530,0.83,2.55,338.97,-0.8055242,-0.152821,0.159361
27467535,0.77,2.62,338.97,-0.8098051,-0.1498063,0.1669614
27487508,0.86,2.54,338.96,-0.81633,-0.1476422,0.1607533
27507540,0.84,2.56,338.96,-0.822425,-0.1473558,0.1586941
27527543,0.83,2.57,338.96,-0.8299561,-0.1472452,0.1561487
27547555,0.82,2.59,338.96,-0.8367015,-0.1475638,0.153771
27567508,0.8,2.6,338.97,-0.8411915,-0.1469951,0.1529184
27587511,0.78,2.62,338.98,-0.8460816,-0.1459371,0.1515421
27607529,0.79,2.62,338.98,-0.8504152,-0.1458032,0.1501298
27627535,0.8,2.61,338.97,-0.8568117,-0.144577,0.1483993
27647528,0.84,2.56,338.97,-0.8636093,-0.1442638,0.1434029
27667493,0.79,2.62,338.97,-0.8678851,-0.1441793,0.1461186
27687531,0.81,2.6,338.98,-0.874553,-0.1443227,0.1419768
27707594,0.81,2.6,338.98,-0.8785148,-0.1442619,0.1418283
27727527,0.81,2.61,338.98,-0.8835877,-0.1442978,0.1397433
27747511,0.81,2.6,338.97,-0.8887729,-0.1445399,0.1375591
27767514,0.82,2.6,338.97,-0.8945829,-0.1446678,0.1361458
27787537,0.81,2.6,338.97,-0.9007034,-0.1449711,0.1345828
27807529,0.82,2.6,338.97,-0.9057499,-0.1452629,0.1327251
27827496,0.82,2.6,338.97,-0.9108706,-0.1455715,0.1308586
27847548,0.82,2.6,338.98,-0.9163074,-0.1458096,0.1293194
27867527,0.82,2.6,338.98,-0.921015,-0.1458981,0.1276353
