TimeUS,GyrX,GyrY,GyrZ,AccX,AccY,AccZ
5648308,4.738191e-05,-0.001313249,0.0001337461,-0.4829052,-0.7576322,-9.73178
5668120,-0.0002443882,-0.001263074,0.0002245526,-0.4862749,-0.7581423,-9.736176
5688045,0.0001522327,-0.001471929,3.846947e-05,-0.492163,-0.7589802,-9.74429
5708193,0.00037956,-0.001311083,1.617326e-05,-0.4857601,-0.7586688,-9.741373
5728082,0.0009243159,-0.001087552,-4.114931e-05,-0.4706004,-0.7627866,-9.734339
5748140,0.0008349339,-0.0005440604,-6.992056e-05,-0.4667469,-0.7639126,-9.727866
5768129,0.0008760357,-0.0001835269,-5.856775e-05,-0.4722064,-0.7630858,-9.72276
5788259,0.0004942404,0.0001619878,8.766128e-05,-0.4712026,-0.7611829,-9.726405
5808541,8.598703e-05,0.0004952058,0.0001455394,-0.4749665,-0.7654943,-9.739116
5828139,-0.0002794447,0.0006525745,0.0001324642,-0.486304,-0.7594061,-9.737597
5848250,-0.0009216818,0.0005941361,0.0004166317,-0.4898948,-0.7512882,-9.727735
5868181,-0.0005627745,-5.259269e-05,0.0004843604,-0.4882908,-0.7527265,-9.731506
5888168,-0.0005003452,-0.000267341,0.0003871892,-0.4826503,-0.7591907,-9.728947
5908563,0.000114165,-0.0004101078,0.000111772,-0.4745149,-0.754959,-9.734366
5928179,0.0004428938,4.405142e-05,-3.431856e-05,-0.4790599,-0.7547511,-9.743374
5948394,0.0007186744,0.0004142935,-0.0001139649,-0.4896776,-0.7558222,-9.737562
5968174,0.001068841,0.0003180138,2.394575e-06,-0.4831493,-0.7520971,-9.722149
5988105,0.001526237,-0.0001724493,0.0001535194,-0.4833619,-0.7535428,-9.724819
6008551,0.001563463,-0.0002954811,0.0002135042,-0.4815316,-0.7567539,-9.731214
6028180,0.001056649,-0.0006714446,0.0002110682,-0.4811179,-0.7537895,-9.736298
6048215,0.0007913818,-0.0007981127,0.0001212578,-0.4821284,-0.7603945,-9.737712
6068159,0.0003386209,-0.0003692365,2.171675e-05,-0.4717845,-0.76713,-9.722418
6088161,0.0003125496,9.090211e-05,2.5966e-05,-0.4684975,-0.7690883,-9.725396
6108737,0.0001091232,0.0007630385,2.306922e-05,-0.4741386,-0.7593029,-9.718991
6128178,-1.03297e-05,0.001132409,3.202069e-05,-0.4819627,-0.7577665,-9.723503
6148181,1.354475e-05,0.001356352,-9.510505e-05,-0.4750928,-0.7566775,-9.729336
6168236,-0.0002121239,0.001154902,-2.156942e-06,-0.471589,-0.7566155,-9.735209
6188170,-0.0001477231,0.0009223172,0.0001386793,-0.4755951,-0.758029,-9.736108
6208565,-0.0001890193,0.0006371716,0.0001885884,-0.4744561,-0.7578315,-9.741532
6228199,0.0002018516,0.000241482,4.738111e-05,-0.4837058,-0.7589171,-9.742177
6248179,0.0003161053,-3.179877e-05,8.869712e-05,-0.4814642,-0.7581182,-9.739504
6268361,0.0003658201,-8.811508e-05,0.0002173577,-0.4741985,-0.7552705,-9.740012
6288171,0.0001263041,0.0001763371,0.0002058686,-0.4682487,-0.7523123,-9.735011
6308558,-0.0001347464,0.0003052668,0.0002274008,-0.4664496,-0.7517776,-9.7291
6328145,-0.000284125,0.0003691595,0.0001747681,-0.4672507,-0.7626245,-9.732626
6348207,3.088552e-05,0.0003635057,1.993981e-05,-0.4767129,-0.7658658,-9.740767
6368166,0.0001528468,0.0004386225,-7.726946e-05,-0.480262,-0.7607546,-9.755413
6388170,0.0001367228,0.0005219578,2.656909e-05,-0.4759538,-0.76189,-9.744417
6408574,0.0001582199,0.0005195182,-5.741757e-05,-0.4819541,-0.766423,-9.741467
6428377,0.000146109,0.0005547029,-3.293e-05,-0.4776684,-0.7604558,-9.745101
6448220,0.0001956254,-0.0001605006,-6.744642e-06,-0.4726749,-0.7580576,-9.744878
6468195,-1.929239e-05,-0.0002348656,1.899237e-05,-0.4730056,-0.757935,-9.742755
6488155,-8.65464e-05,2.65961e-06,0.0002180898,-0.4737544,-0.7587897,-9.738675
6508536,0.0002335566,-0.0001342941,0.0002272,-0.4687396,-0.7564805,-9.75088
6528172,0.0004482426,5.271507e-05,5.928754e-05,-0.4664877,-0.7584587,-9.73597
6548232,0.0006337828,0.0005931121,-0.0003549984,-0.4748969,-0.7571303,-9.735503
6568158,0.0005181983,0.00117666,-0.0004320769,-0.468981,-0.7566921,-9.743461
6588338,0.0003814921,0.001610933,-0.000145877,-0.4718177,-0.7577506,-9.737129
6608544,-0.000224797,0.002026244,0.000111102,-0.4784822,-0.7581564,-9.729485
6628190,-0.0003834342,0.001599501,0.0001915514,-0.4799788,-0.7629012,-9.740059
6648264,-9.957646e-05,0.0008822944,0.0003471447,-0.4835736,-0.7621196,-9.747234
6668153,0.0001377911,0.0001140147,0.0005154078,-0.4850025,-0.7572191,-9.743836
6688182,0.0002813531,-0.0003922167,0.0005265429,-0.4776624,-0.7544214,-9.732396
6708530,0.0009729189,-0.0007151202,0.0004330969,-0.4591649,-0.7585241,-9.727434
6728194,0.001540752,-0.0004202407,3.931202e-05,-0.4585453,-0.7611834,-9.732491
6748390,0.001372943,9.268383e-05,-0.0003167412,-0.4671644,-0.7522638,-9.743633
6768184,0.0009885638,0.0006585371,-0.0003420524,-0.4656331,-0.7513199,-9.744051
6788177,0.0005264626,0.001346642,-0.0002074066,-0.4643433,-0.7588893,-9.7283
6808563,0.0003979161,0.001578957,-3.359459e-05,-0.4783214,-0.7589074,-9.724544
6828165,0.0002450813,0.001896608,0.000275994,-0.4738253,-0.7570261,-9.737636
6848225,0.0002147796,0.001891666,0.0003042238,-0.467711,-0.7611603,-9.730597
6868172,0.0001833778,0.001618472,0.0002252201,-0.4795545,-0.7633595,-9.729224
6888183,-0.000109181,0.001558696,0.0004265696,-0.488205,-0.7584119,-9.729455
6908780,-0.000186008,0.001302303,0.000672192,-0.4791497,-0.7597169,-9.727784
6928172,-0.0003499861,0.001234886,0.0005652039,-0.4717945,-0.7599549,-9.73663
6948222,6.947867e-06,0.0006586436,0.00030701,-0.4738654,-0.756488,-9.743891
6968198,0.0002519848,0.0003549854,0.000266615,-0.4773595,-0.7611248,-9.740436
6988186,0.0001954197,1.136044e-05,0.000257217,-0.4679841,-0.7599759,-9.737857
7008563,0.0002603974,-0.000320763,3.684115e-05,-0.4706469,-0.7606621,-9.733828
7028146,0.0005924168,-0.0001663348,6.914129e-05,-0.4730296,-0.7552392,-9.740653
7048258,0.0007466845,-0.0001726487,0.0002246987,-0.4679522,-0.7548892,-9.744411
7068358,0.0007559464,0.0002561173,0.0003900236,-0.4728203,-0.7589287,-9.74511
7088176,0.0006978376,0.0004141158,0.0004693383,-0.4730971,-0.7587661,-9.746458
7108569,0.0004816923,0.0004013693,0.0004576257,-0.4791853,-0.753758,-9.741992
7128192,0.0005576564,0.000615167,0.000288813,-0.4732318,-0.7518069,-9.733258
7148183,0.00070262,0.001032135,8.579766e-05,-0.4665718,-0.7522342,-9.736552
7168130,0.000606706,0.001369428,1.335233e-05,-0.4672783,-0.7571484,-9.728888
7188175,0.0004363398,0.001642998,3.562405e-06,-0.4693482,-0.7603251,-9.723983
7208546,0.000295832,0.001231186,-4.895359e-05,-0.4685234,-0.7621241,-9.734505
7228342,0.0001239995,0.0007908043,-0.0003460575,-0.4684998,-0.7572398,-9.748248
7248263,-0.0002290289,0.0005084509,-0.0005173641,-0.4756237,-0.7572739,-9.746013
7268186,-0.0004805662,-0.0001739496,-0.0006134963,-0.4734313,-0.7593969,-9.743324
7288183,-0.0005571107,-0.0001128538,-0.0004804085,-0.4769021,-0.7500753,-9.745833
7308535,-0.0003749329,0.0001158464,-0.0003338107,-0.4750998,-0.7551224,-9.735567
7328169,-0.0004412955,0.0003648482,-0.0002404995,-0.4811763,-0.7541652,-9.731049
7348207,-0.000133988,-0.0001124332,-0.0003283437,-0.4772236,-0.7526316,-9.728743
7368176,0.0004883739,-0.0005436038,-0.0004852653,-0.4728175,-0.7579582,-9.729009
7388398,0.0008580222,-0.0005267703,-0.00053057,-0.4732118,-0.7616825,-9.736825
7408542,0.001000836,-0.0003091781,-0.0003756872,-0.4756832,-0.7573612,-9.744667
7428185,0.0006343623,-0.0004384827,-8.661314e-06,-0.473644,-0.7582026,-9.741593
7448256,0.0004075567,-0.0008212562,0.0001204206,-0.4813415,-0.7559695,-9.763877
7468164,-0.0001760981,-0.0008497706,0.0002454989,-0.4871836,-0.7549789,-9.761644
7488183,-0.0002126793,-0.0005632255,0.000109836,-0.4833165,-0.7579669,-9.752966
7508540,-0.0002585441,-0.0002930365,-0.0001342276,-0.4717712,-0.7533612,-9.740007
7528166,-0.0003207619,-0.0001496145,-0.0001431766,-0.473996,-0.7510449,-9.74754
7548404,-0.0005900728,0.000450561,-7.823042e-05,-0.4746305,-0.7605558,-9.750667
7568182,-0.0007153029,0.0005953394,5.479502e-05,-0.4712198,-0.7566745,-9.75175
7588170,-0.0003061839,0.0002197821,0.0001350849,-0.4646365,-0.7569426,-9.749538
7608538,-0.00012376,0.0001138871,0.0001230515,-0.4626277,-0.7546806,-9.748165
7628165,-4.562647e-06,0.0002060746,3.935536e-05,-0.4655623,-0.7535202,-9.73918
7648252,-0.0001990013,0.0004661024,1.910717e-05,-0.4678721,-0.7559682,-9.747559
7668179,-0.0003039827,0.0007437634,8.058615e-05,-0.4614594,-0.7580795,-9.736713
7688154,-0.0003202558,0.0009062423,6.979702e-07,-0.4584522,-0.7578087,-9.73436
7708823,-0.0001924085,0.0007811842,2.690018e-05,-0.4689449,-0.7638144,-9.736851
7728189,-5.550621e-05,0.000592449,-5.119488e-06,-0.4714841,-0.7600267,-9.742123
7748226,0.0002217972,0.0003814494,1.807851e-05,-0.4704365,-0.7609605,-9.747944
7768156,0.0004616324,0.0003821932,-0.0001111079,-0.4623626,-0.7575431,-9.741119
7788174,0.0006049058,0.0004103329,-0.0001481006,-0.4656757,-0.7580128,-9.741277
7808580,0.0003412456,0.0007147288,-0.0001994622,-0.4711259,-0.7579584,-9.742271
7828164,8.729767e-05,0.0009200306,-0.0001665279,-0.4749043,-0.7539818,-9.753904
7848233,5.575353e-05,0.0006507008,-0.000185753,-0.4730178,-0.7530664,-9.757066
7868364,-0.0002077026,0.0003309127,-0.0001595775,-0.467921,-0.7508113,-9.750832
7888220,-0.0002148542,0.0001801116,-0.0002307242,-0.4630538,-0.7518429,-9.747135
7908540,-0.000147321,8.032125e-05,-0.0002802858,-0.4584754,-0.7533605,-9.746602
7928177,-0.0004207977,0.0002714335,-0.0002029422,-0.460112,-0.7505153,-9.750058
7948236,-0.0003257865,0.000670486,-0.0002282815,-0.4667278,-0.7522275,-9.746237
7968131,-0.0003364691,0.00120552,-0.0001829047,-0.4642236,-0.7544084,-9.739247
7988183,-6.120238e-05,0.001324277,5.862749e-05,-0.4585221,-0.7550728,-9.747067
8008548,-1.656113e-05,0.001132353,0.0002739356,-0.4690968,-0.7597746,-9.743336
8028355,0.0002201081,0.0008688978,0.0002097002,-0.4706514,-0.7640037,-9.745378
8048265,0.000414619,0.0004696218,-0.0001363499,-0.4680978,-0.7612175,-9.741189
8068153,0.0009690554,-0.0001103263,-0.0003264613,-0.460761,-0.7583614,-9.743254
8088184,0.001147685,-0.0006076339,-0.0003636186,-0.4602781,-0.7552572,-9.750725
8108535,0.001428246,-0.0008395371,-0.0002045492,-0.4638722,-0.7547379,-9.755475
8128180,0.00159026,-0.0005025255,-0.0002050775,-0.4574343,-0.7563712,-9.762381
8148175,0.001252538,-0.0002053862,-0.0001572435,-0.454448,-0.7581965,-9.765247
8168177,0.0009387753,-8.549447e-06,-0.0001616149,-0.4605125,-0.7560647,-9.761199
8188343,0.0005299145,0.0008528189,-0.0002101857,-0.4685054,-0.7579913,-9.755665
8208545,0.0003509303,0.001355652,-0.0003293012,-0.4645972,-0.7558081,-9.751785
8228155,0.0002337551,0.001565888,-0.000527237,-0.4654268,-0.7558272,-9.744755
8248204,0.0001624358,0.001568075,-0.0005928578,-0.4689128,-0.7554639,-9.755602
8268147,0.0005189335,0.001533954,-0.0003669031,-0.4645961,-0.74713,-9.753424
8288168,0.000661471,0.001634739,-0.0001562075,-0.460617,-0.7520169,-9.740637
8308537,0.0003272277,0.001976848,-4.171881e-06,-0.4559256,-0.7557321,-9.74668
8328156,-0.0001928024,0.001911425,5.810983e-05,-0.4579109,-0.7583693,-9.754642
8348413,-0.0004484073,0.001635659,2.240593e-05,-0.4675193,-0.7603815,-9.760338
8368178,-0.0005811264,0.0009802369,-0.0001773139,-0.4518527,-0.7564954,-9.748036
8388197,-0.0002489247,0.000525552,-0.0002353809,-0.4498281,-0.7506821,-9.745775
8408568,-0.0001191295,2.648413e-06,-0.0002579848,-0.4573974,-0.7493717,-9.745174
8428177,4.993529e-05,-0.0002697243,-0.0001575655,-0.4603897,-0.754705,-9.746699
8448192,-0.0001241599,5.388597e-05,-0.0002514266,-0.4572175,-0.7575985,-9.753926
8468200,-0.0001232499,4.916994e-05,-0.0002595428,-0.460761,-0.7590451,-9.758425
8488164,0.0001166584,-8.533625e-06,-0.0003410478,-0.464431,-0.7596893,-9.761978
8508851,0.0003418533,2.123979e-05,-0.0002187621,-0.461017,-0.7622837,-9.752435
8528207,0.0006887456,-0.0003014148,-0.000387382,-0.4690624,-0.7571121,-9.754227
8548249,0.001389917,-0.0008443768,-0.0004989853,-0.4693969,-0.7540592,-9.763409
8568179,0.001685009,-0.001044346,-0.0004784513,-0.4719888,-0.7529026,-9.764037
8588155,0.001127801,-0.0004194474,-0.0002789347,-0.4689929,-0.7512448,-9.75696
8608539,0.0008268449,0.0006359522,-0.000412047,-0.4737756,-0.751248,-9.748977
8628161,0.0006599094,0.001677544,-0.0003954658,-0.4684347,-0.7563255,-9.751296
8648180,9.894419e-05,0.002305642,-0.0002471943,-0.4609419,-0.7612256,-9.758081
8668390,-6.070946e-05,0.002029788,-0.0001067441,-0.4521869,-0.7561578,-9.750263
8688182,0.0001156285,0.00123331,-3.696078e-06,-0.4466485,-0.7568015,-9.742828
8708584,0.0006735444,0.0003267546,-3.178113e-06,-0.4579553,-0.758056,-9.755343
8728114,0.001056496,-0.0003106308,3.576863e-05,-0.4640614,-0.7589725,-9.759431
8748225,0.001213428,-0.0007829737,0.0001120383,-0.4662069,-0.7570749,-9.758032
8768172,0.001335421,-0.0009670712,-6.935415e-05,-0.4642729,-0.754257,-9.749864
8788177,0.001282471,-0.0006119557,-0.0003290188,-0.4564307,-0.7566826,-9.754174
8808567,0.001070723,-0.0002939303,-0.0004131981,-0.4644815,-0.7540999,-9.758174
8828380,0.0007984716,0.000139834,-0.0004696032,-0.46599,-0.7508143,-9.760386
8848209,0.0008679249,0.0004318887,-0.0006172164,-0.4631893,-0.7585521,-9.76615
8868206,0.0009346723,0.0005000473,-0.0007058339,-0.4588295,-0.7597497,-9.756611
8888162,0.0005959736,0.0007110921,-0.0006856332,-0.4628845,-0.7605532,-9.750773
8908538,0.0003926563,0.0009561385,-0.0004329458,-0.4563124,-0.7590381,-9.745594
8928155,0.00068488,0.0006414959,-0.00022147,-0.4600348,-0.760989,-9.752727
8948224,0.0007322342,0.0005057442,-0.0001482873,-0.4630389,-0.7595429,-9.75734
8968173,0.0005748694,0.0002486603,3.725633e-05,-0.4656308,-0.7550251,-9.760468
8988392,0.000315394,0.0006192108,0.0001789041,-0.4639219,-0.7534763,-9.75679
9008545,0.0003503535,0.0003687195,0.0002810368,-0.4586934,-0.7539448,-9.771756
9028207,0.0002752102,0.0004853865,0.0003099609,-0.4538396,-0.7567478,-9.778337
9048185,0.000196359,0.0007984012,0.0003425559,-0.4503155,-0.7598314,-9.772038
9068171,0.0001154869,0.0009012098,0.0004036264,-0.4476229,-0.7614058,-9.76432
9088161,0.0001406472,0.0008995983,0.000183132,-0.4416413,-0.755845,-9.754066
9108559,0.0007115866,0.000458764,0.000192537,-0.4517663,-0.7515924,-9.753767
9128149,0.000853702,7.745342e-05,0.000117568,-0.4457308,-0.750347,-9.757739
9148422,0.001067178,-4.071599e-05,2.194497e-06,-0.4557953,-0.7511525,-9.749843
9168176,0.00099672,-0.0002548243,-0.0001134499,-0.4617823,-0.7552916,-9.746683
9188178,0.0008338625,-0.0004550604,-0.0002194421,-0.456351,-0.755703,-9.748456
9208525,0.0008893116,-0.0004011667,-0.0002893044,-0.45014,-0.7598138,-9.755737
9228180,0.0008308958,-7.488213e-05,-0.0001643075,-0.4484186,-0.7573004,-9.760814
9248200,0.0008080322,0.0001833168,-0.0001296975,-0.4495796,-0.7540296,-9.761235
9268164,0.001039129,0.0005173249,-0.0002254953,-0.4606498,-0.7558283,-9.76744
9288155,0.001332389,0.0005833555,-0.0002225377,-0.467484,-0.7549695,-9.773837
9308824,0.001274744,0.0003971373,-0.0001027925,-0.4753295,-0.7535558,-9.772897
9328192,0.001319245,-0.0003258,-3.777717e-06,-0.4714573,-0.7530289,-9.759408
9348211,0.001381709,-0.001450546,-1.17971e-05,-0.4639231,-0.7603223,-9.745808
9368150,0.001569308,-0.001803948,0.0001288883,-0.4634281,-0.7614383,-9.750531
9388182,0.001420468,-0.001476906,0.0003477111,-0.4664638,-0.7512689,-9.761193
9408562,0.00111339,-0.0008026947,0.0005121648,-0.4671057,-0.7547356,-9.75734
9428174,0.0007081825,-0.0006400888,0.0005166856,-0.4623165,-0.7535751,-9.764227
9448196,0.0005385496,-0.0003192488,0.0004577531,-0.4634677,-0.7577258,-9.780279
9468377,0.0006034396,9.670389e-05,0.0003634547,-0.4608969,-0.7614624,-9.767118
9488175,0.0007966583,3.244328e-05,4.467851e-05,-0.4590562,-0.7610072,-9.760747
9508545,0.001154428,-0.0001156889,-0.0001416122,-0.4602783,-0.7572829,-9.763694
9528196,0.00121737,-0.0001806238,-6.266699e-05,-0.4638134,-0.7603354,-9.764165
9548192,0.001297307,-0.0002269441,-0.0001343251,-0.4619482,-0.76222,-9.771957
9568189,0.001425007,-8.603916e-05,-0.000227992,-0.4576004,-0.7616677,-9.768444
9588192,0.00173028,0.0001350418,-0.0002693477,-0.4564869,-0.7561591,-9.760529
9608573,0.001838233,-2.356443e-05,-0.000233705,-0.4625374,-0.7526945,-9.766126
9628405,0.001649225,-0.0003430718,-0.0001784248,-0.4573579,-0.7499245,-9.76385
9648221,0.00159205,-7.403464e-05,-0.0001228002,-0.4562755,-0.7525738,-9.759593
9668191,0.001504555,0.000152215,2.311799e-05,-0.4522191,-0.759013,-9.761454
9688211,0.001236712,-3.043441e-05,3.902956e-05,-0.4493215,-0.756344,-9.749974
9708580,0.0008580919,-0.0005843713,-6.442383e-05,-0.4533521,-0.75418,-9.751656
9728166,0.000375898,-0.001267615,-0.0001048496,-0.4529027,-0.7567115,-9.748801
9748225,0.0007227453,-0.001856861,-7.291079e-05,-0.4559295,-0.7594984,-9.762786
9768191,0.001094035,-0.001494457,0.0001205832,-0.4603244,-0.7603637,-9.762423
9788362,0.001335712,-0.0007077682,0.0002245722,-0.4608717,-0.767373,-9.767444
9808569,0.001237993,-0.0002099273,0.0002450614,-0.453698,-0.7612301,-9.764652
9828164,0.0009770438,-7.786858e-05,0.0002109766,-0.4578862,-0.7599069,-9.772047
9848230,0.0007747515,0.0002306689,-5.726208e-05,-0.4540002,-0.7560405,-9.770462
9868158,0.0009168372,-2.22209e-05,-0.0001805415,-0.4570349,-0.7575685,-9.765441
9888180,0.001052458,-0.0003289738,-0.0004139393,-0.4586656,-0.7597983,-9.764014
9908545,0.001124029,-0.0006574086,-0.0006561728,-0.4623025,-0.7590359,-9.763954
9928200,0.00105523,-0.0003211298,-0.0006234516,-0.4582995,-0.7562916,-9.768027
9948450,0.001121584,-0.0001379258,-0.0004537452,-0.453392,-0.7574126,-9.772336
9968180,0.001041222,-0.0001870483,-0.0002049376,-0.446365,-0.7634753,-9.769267
9988202,0.000737597,-0.0001715869,-6.700961e-05,-0.4372263,-0.7598999,-9.749212
10008560,0.0003047934,-0.0001318018,0.000145647,-0.441289,-0.7558695,-9.757814
10028160,1.52268e-05,0.0001117616,6.633497e-05,-0.4530035,-0.7552566,-9.76998
10048227,2.49908e-05,0.0006070438,-5.978013e-05,-0.4675005,-0.7525375,-9.773777
10068200,0.0002246741,0.0004533701,-0.0002026474,-0.4716471,-0.7602032,-9.784923
10088170,0.0003823171,0.0002150447,-0.0003995943,-0.4663854,-0.7614887,-9.776069
10108831,0.0005437776,0.0002345289,-0.0003710759,-0.4639964,-0.7576944,-9.769377
10128195,0.0007002824,8.144812e-05,-0.0002783191,-0.4581889,-0.7597401,-9.770261
10148218,0.0009358603,-8.135312e-05,-0.0002998067,-0.4509977,-0.7568335,-9.774097
10168190,0.0007909203,-1.809635e-05,-0.0003543202,-0.4514812,-0.7530589,-9.761377
10188157,0.000785661,-0.0003791961,-0.0003439223,-0.4535305,-0.7544289,-9.757644
10208542,0.0007962454,-0.0009600606,-0.0002800681,-0.4575978,-0.7550924,-9.770985
10228168,0.0009397026,-0.0004506479,-0.0002637299,-0.4613398,-0.7539954,-9.767922
10248203,0.0009562796,-0.0002415783,-0.0001630817,-0.4637986,-0.7504017,-9.772207
10268357,0.0009145493,-0.0003798768,-9.439773e-05,-0.4581715,-0.7528902,-9.777335
10288162,0.001111265,-0.0004305894,-0.000100052,-0.4665362,-0.7521809,-9.779281
10308576,0.001117142,-0.0001725165,-8.064788e-05,-0.452767,-0.7520401,-9.773636
10328190,0.001314364,-0.0001504189,-5.903573e-05,-0.4489004,-0.7537404,-9.776968
10348210,0.001660121,-0.0001487791,-0.0001326671,-0.4448669,-0.7590225,-9.775486
10368127,0.001777366,-0.0001932997,-0.000122164,-0.4589689,-0.7627674,-9.779384
10388166,0.00179025,-0.0005126294,-0.0001325379,-0.4614224,-0.7566957,-9.77353
10408539,0.001632764,-0.0003792762,-2.347314e-05,-0.4577107,-0.7496755,-9.771582
10428374,0.001219855,-0.00011804,0.0001772783,-0.4571089,-0.7530912,-9.771162
10448233,0.0008058354,0.0007382724,0.0001783318,-0.4617153,-0.7512417,-9.767598
10468203,0.0008107627,0.00123142,0.0002213546,-0.466505,-0.75697,-9.775158
10488173,0.0004644853,0.001742222,0.0001739118,-0.4573331,-0.7582325,-9.774304
10508572,0.000204167,0.001795709,8.49281e-05,-0.4488626,-0.7588056,-9.780044
10528180,0.0002753454,0.001487022,-3.638623e-05,-0.459404,-0.7574471,-9.785004
10548207,0.0004961494,0.001106026,-0.0001782638,-0.4597308,-0.7569466,-9.783953
10568177,0.0005842497,0.0005769832,-0.0002669275,-0.4480067,-0.7608796,-9.776994
10588408,0.0010122,0.0001408154,-0.0004754783,-0.4476258,-0.7603154,-9.782279
10608538,0.00136724,-0.0001701123,-0.0004175395,-0.4482988,-0.7536004,-9.789902
10628171,0.001226256,-3.413903e-05,-0.0002337566,-0.4508993,-0.7524977,-9.781335
10648219,0.000891423,7.110716e-05,9.478359e-06,-0.4438341,-0.7538059,-9.775172
10668148,0.0003546219,7.023896e-05,6.798207e-05,-0.4367899,-0.7611411,-9.761694
10688151,-3.297938e-06,0.0003171028,0.0001323828,-0.4518487,-0.7566564,-9.765186
10708547,-0.0001595055,0.0001990677,0.0003180243,-0.449487,-0.7532226,-9.773416
10728189,-2.276849e-05,-0.0001862485,0.0004741251,-0.4500808,-0.748244,-9.779464
10748402,0.0002209633,-0.0002523084,0.0006813594,-0.4544059,-0.7509066,-9.788047
10768170,0.0001305445,-4.002963e-05,0.0007537199,-0.4530471,-0.7532513,-9.772009
10788186,0.000172359,9.597182e-05,0.0007640645,-0.4527785,-0.7600919,-9.767495
10808539,0.0003779187,0.000359758,0.0004100815,-0.4596963,-0.758912,-9.774265
10828183,0.0008972522,0.0001565451,0.0002037517,-0.4590058,-0.7524401,-9.783751
10848202,0.001229628,-0.0002483735,0.000161461,-0.4524888,-0.7518351,-9.771767
10868178,0.001184366,-5.646438e-05,0.0001339251,-0.4544385,-0.7542647,-9.769297
10888178,0.0008034243,-0.0002914759,7.662505e-05,-0.4516264,-0.7569738,-9.784835
10908765,0.0006962986,-0.0005006225,0.0001780223,-0.4509372,-0.7558279,-9.788061
10928200,0.0009713353,-0.0005043555,0.000449962,-0.4445552,-0.7530339,-9.792467
10948277,0.001308445,-0.0005183464,0.0006447536,-0.4462184,-0.7534474,-9.780888
10968132,0.001637617,-0.0007961006,0.0006158275,-0.4448768,-0.7600884,-9.776485
10988181,0.001783516,-0.001115602,0.0004340724,-0.4536691,-0.7576566,-9.777094
11008543,0.001958813,-0.001071469,0.0004699209,-0.4545567,-0.758606,-9.7728
11028149,0.00204641,-0.0006682248,0.0004409753,-0.4404736,-0.7591932,-9.764061
11048229,0.001492028,-4.242792e-05,0.0003349237,-0.4444202,-0.7573971,-9.761222
11068374,0.00102037,0.0002961944,0.0001830606,-0.4493058,-0.7566654,-9.765041
11088239,0.000751055,0.0009279072,9.712426e-06,-0.4528357,-0.7523097,-9.776371
11108553,0.0007018865,0.001573837,-5.894738e-06,-0.445076,-0.7537161,-9.780455
11128173,0.0007503685,0.001933202,2.633646e-05,-0.4458013,-0.7541581,-9.788552
11148212,0.0007169904,0.001687402,-1.294549e-05,-0.4513137,-0.7549736,-9.7875
11168187,0.0004399543,0.001114156,5.096088e-05,-0.4479633,-0.7578866,-9.783273
11188189,0.0003683688,0.0005726278,0.0002209375,-0.4453604,-0.7605635,-9.785214
11208566,0.0003288253,0.0004080405,0.000288164,-0.4444219,-0.7573804,-9.793233
11228436,0.0002126042,0.0006677102,0.0003812773,-0.4509535,-0.7564638,-9.788083
11248214,0.0003940283,0.001153819,0.0001827106,-0.4552655,-0.7564863,-9.773436
11268175,0.0006308279,0.001617864,-1.092014e-05,-0.4547117,-0.7572773,-9.766755
11288163,0.0008330817,0.001972375,7.029646e-05,-0.4513406,-0.7509141,-9.768403
11308529,0.001151283,0.00211638,6.123123e-06,-0.4554179,-0.7508729,-9.780826
11328163,0.001126873,0.001930425,-0.0001320485,-0.4477518,-0.7566234,-9.780759
11348225,0.00127288,0.001277161,-0.0002250855,-0.4435571,-0.7620134,-9.79026
11368149,0.001320288,0.0006792464,-4.799883e-05,-0.4528554,-0.7576241,-9.788547
11388400,0.0014434,0.0003705242,0.0001130066,-0.4451905,-0.7512407,-9.781417
11408544,0.00106411,0.0001062236,0.0001421263,-0.4457827,-0.7510152,-9.773113
11428147,0.0008142691,0.000147575,0.0001717563,-0.4486636,-0.7511125,-9.768231
11448193,0.0008508083,0.0003690003,0.0001219211,-0.4492385,-0.7568035,-9.778083
11468175,0.0009924046,0.0001895836,0.000193497,-0.4460855,-0.7572904,-9.787217
11488198,0.001125346,-6.061167e-05,0.0001812317,-0.4467061,-0.7530077,-9.787202
11508569,0.001222752,-9.976573e-05,3.811819e-05,-0.4331522,-0.7512727,-9.78089
11528148,0.00125586,-5.024797e-05,5.977307e-05,-0.4348233,-0.7598289,-9.784718
11548438,0.001225224,0.0002468751,-6.360033e-07,-0.4419999,-0.7644528,-9.781192
11568216,0.000888355,0.0007052903,-0.0001448474,-0.4509291,-0.7612549,-9.778585
11588187,0.0009685472,0.0004756921,-0.0002326259,-0.4537694,-0.7585081,-9.782348
11608564,0.001168509,0.0003670338,-0.0003466842,-0.4496869,-0.757813,-9.790956
11628188,0.001147015,0.0001170727,-0.0001925482,-0.4498366,-0.7518145,-9.791911
11648203,0.0006166742,7.867862e-05,-7.894731e-06,-0.4568645,-0.7551361,-9.794539
11668177,0.0002124425,0.0003695904,9.795919e-05,-0.4507549,-0.760058,-9.782639
11688155,-0.0001927427,0.0006643074,0.0001259683,-0.4523303,-0.7601917,-9.786184
11708759,4.602433e-05,0.0008014864,0.0001747721,-0.4560219,-0.7583572,-9.79119
11728171,0.0006559188,0.0008468159,0.0002523516,-0.4519442,-0.7577923,-9.779955
11748201,0.0009464331,0.0006740963,0.0003439021,-0.4478932,-0.7554519,-9.787143
11768148,0.001324907,0.0004585496,0.0002389564,-0.4439002,-0.7566122,-9.785517
11788182,0.001740043,-0.0002086237,0.0001666237,-0.4369435,-0.7558051,-9.776625
11808650,0.001714824,-0.0005509447,0.000153618,-0.443512,-0.7473751,-9.775552
11828180,0.001205631,-0.0003950128,5.536004e-05,-0.4470403,-0.7454408,-9.788768
11848192,0.0009104937,-0.0004913456,0.0002834385,-0.45032,-0.7560868,-9.795413
11868368,0.0007351841,-0.0006495017,0.0004297868,-0.4473531,-0.7596653,-9.782195
11888176,0.0002724894,4.009807e-05,0.0004453149,-0.4521885,-0.7616534,-9.769831
11908549,-0.0001015112,0.000812941,0.0003785371,-0.4529256,-0.7603271,-9.775023
11928100,-5.116118e-05,0.001285597,0.0003712052,-0.4534482,-0.7574744,-9.788123
11948187,0.0005416196,0.001618486,0.0003315158,-0.4428936,-0.7577931,-9.794152
11968142,0.0009402757,0.001714555,-2.289925e-06,-0.4386575,-0.7576368,-9.789501
11988187,0.00109894,0.0009868257,-0.0003565999,-0.4434782,-0.7545724,-9.781806
12008547,0.001261701,0.0006082765,-0.0003671917,-0.4490765,-0.7511888,-9.787896
12028393,0.001318391,0.0003558765,-0.0002845609,-0.4479893,-0.7566214,-9.794444
12048244,0.001127043,0.000179345,-0.0003550501,-0.4472436,-0.7556084,-9.783039
12068160,0.0009468467,0.0001103762,-0.0003801983,-0.4399945,-0.7547193,-9.781723
12088197,0.000831966,0.0001495125,-0.0004226405,-0.4398836,-0.7606694,-9.780231
12108572,0.0007996599,0.000267758,-0.000264833,-0.4331269,-0.7628384,-9.793268
12128140,0.000300026,0.0006598817,-4.032944e-05,-0.4297049,-0.7584012,-9.793025
12148190,0.0001090738,0.0006182792,0.0001222802,-0.4337006,-0.7581766,-9.785859
12168142,0.0003305161,-0.0002828979,0.0002190386,-0.4426952,-0.7604655,-9.778324
12188390,0.0003626769,-0.0004450591,0.0004126608,-0.4448051,-0.7569447,-9.788956
12208621,0.000375474,0.0002451597,0.0004318909,-0.4451212,-0.7567163,-9.790328
12228184,7.65227e-06,0.0006751075,0.0005148781,-0.4453058,-0.7542086,-9.78556
12248181,3.971282e-05,0.000475642,0.000273504,-0.4283145,-0.7514707,-9.78029
12268154,6.64839e-05,0.0002298031,0.0002837337,-0.4301175,-0.7517854,-9.790099
12288184,-0.0001645013,0.0001772523,0.0003206728,-0.4367812,-0.7593374,-9.795233
12308572,-2.563934e-05,1.09444e-06,0.0002284131,-0.442582,-0.7585265,-9.790285
12328142,3.84347e-06,0.0002204439,-3.215684e-05,-0.4388753,-0.7529171,-9.793455
12348424,0.0004729157,0.0004434227,-0.0002487752,-0.4297414,-0.7490166,-9.796949
12368156,0.00080004,0.0005156729,-0.000554266,-0.4375649,-0.7512447,-9.794668
12388165,0.001312084,-6.064307e-05,-0.0007490418,-0.4444249,-0.75415,-9.793506
12408607,0.001587723,-0.0001542252,-0.0008130131,-0.4401099,-0.7606677,-9.800074
12428143,0.00172203,-0.0005034786,-0.0007401307,-0.4422329,-0.7620029,-9.794947
12448215,0.001721393,-0.001043555,-0.0005541028,-0.4497438,-0.7631233,-9.789508
12468191,0.001434967,-0.001263475,-0.0002689867,-0.442123,-0.7581538,-9.795351
12488207,0.001260147,-0.00114067,9.120647e-05,-0.4422904,-0.7578651,-9.802388
12508826,0.001139856,-0.0009935572,0.0004496288,-0.4381863,-0.7659681,-9.795012
12528174,0.0008856356,-0.001096337,0.0005547747,-0.4271819,-0.7638116,-9.794905
12548215,0.0004365376,-0.0007427798,0.0006246381,-0.4318644,-0.764203,-9.803433
12568146,0.0003238641,-0.0004323865,0.0005452324,-0.4398902,-0.7559966,-9.805183
12588191,0.0003636209,4.285825e-05,0.0004088629,-0.4403154,-0.7521718,-9.797052
12608542,0.0006230127,0.0003709308,0.0002815772,-0.4365093,-0.7514831,-9.792266
12628190,0.0008901497,0.0001327134,0.0002267805,-0.4395579,-0.7619678,-9.797906
12648257,0.001089808,-0.0001415653,0.0002344196,-0.4471319,-0.7588986,-9.800564
12668349,0.001141041,-0.0003841671,0.0003054828,-0.4422791,-0.7540569,-9.796664
12688182,0.001250155,-0.0007256407,0.0002420275,-0.4438931,-0.758734,-9.804772
12708541,0.001529226,-0.0009664222,0.0003085562,-0.4397557,-0.7633697,-9.806862
12728122,0.001788346,-0.001090567,0.0003077546,-0.4376336,-0.763601,-9.799628
12748207,0.001688024,-0.0007058714,0.0002977145,-0.4313613,-0.7642042,-9.79211
12768179,0.001168477,0.0003254467,0.0002792547,-0.4313395,-0.7658486,-9.785478
12788147,0.0008980276,0.001254831,0.0003457308,-0.4312827,-0.7597296,-9.788713
12808578,0.001000909,0.001336806,0.0002061387,-0.4363232,-0.7548158,-9.794807
12828381,0.001353935,0.0009622079,0.000156159,-0.4479446,-0.7532971,-9.803643
12848215,0.001921103,0.000811999,0.0002861087,-0.4418745,-0.75575,-9.797056
12868214,0.002185996,0.0007434563,0.0002818823,-0.4341191,-0.7574897,-9.79415
12888151,0.002317281,0.000390519,0.0003120913,-0.4337575,-0.7591257,-9.807549
12908516,0.002093708,0.0001333637,0.0003436832,-0.4338278,-0.7548501,-9.804999
12928172,0.001845017,0.0002463182,0.0002619507,-0.4302515,-0.7574886,-9.804542
12948200,0.001922023,0.0001952361,0.0001759791,-0.435131,-0.7641354,-9.800313
12968128,0.002021704,0.0002608448,-4.803247e-05,-0.4360973,-0.760324,-9.804214
12988396,0.002260595,-2.203098e-05,-0.0001481368,-0.4432501,-0.7530955,-9.802237
13008645,0.002019709,2.633202e-05,-7.465665e-05,-0.4498412,-0.7509968,-9.800309
13028165,0.001687026,-4.185427e-05,-0.0001667429,-0.4415527,-0.7535706,-9.79429
13048271,0.001720739,-0.0004120099,-0.000259573,-0.438916,-0.7539762,-9.795991
13068193,0.001528456,-0.0004549109,-0.0003069974,-0.4309811,-0.7567139,-9.802931
13088167,0.001298826,-0.0005070265,-0.0001718064,-0.429937,-0.7585393,-9.801922
13108576,0.001412555,-0.0005404228,-0.0001350904,-0.4300749,-0.7522744,-9.792645
13128139,0.001454845,-0.0003013504,0.0001076905,-0.4325628,-0.7543516,-9.790934
13148472,0.001516413,0.0002635921,0.0003798735,-0.4434047,-0.7544277,-9.784046
13168179,0.001481698,0.0003564405,0.0005042471,-0.4370832,-0.7542362,-9.803173
13188094,0.001518043,-0.0001524525,0.000591812,-0.4431053,-0.7499574,-9.806073
13208571,0.001609617,-0.0002504043,0.0004390904,-0.4497208,-0.7565569,-9.804993
13228181,0.001784421,-0.0002038171,0.0003044489,-0.4405015,-0.7537623,-9.804911
13248212,0.001678927,-0.0001288956,0.0001513036,-0.4306032,-0.7525066,-9.808422
13268114,0.001471445,2.777499e-05,-3.150279e-05,-0.4361273,-0.7544441,-9.815526
13288136,0.001250141,0.0002862961,2.900655e-05,-0.4451788,-0.7591939,-9.816025
13308790,0.001183084,0.0008028789,7.09705e-05,-0.4477525,-0.7587994,-9.807572
13328178,0.001282169,0.0008768822,0.0001899092,-0.4415017,-0.7601203,-9.800979
13348184,0.001267636,0.0006659426,0.0003670654,-0.4329398,-0.7577693,-9.801045
13368192,0.00143538,0.000622715,0.0003206255,-0.4270353,-0.7619933,-9.792738
13388170,0.001398575,0.0004239418,0.0001077044,-0.4387389,-0.7596431,-9.803438
13408541,0.001143742,0.0003638279,7.619075e-05,-0.4284357,-0.7557647,-9.796626
13428119,0.00103021,0.0005855558,0.0001522917,-0.4343668,-0.7578028,-9.79471
13448181,0.001323832,0.001278527,0.0002763614,-0.4361068,-0.7586905,-9.786633
13468413,0.001410286,0.001347974,0.0003681581,-0.4343224,-0.7570241,-9.783384
13488180,0.001570745,0.001042109,0.000388314,-0.4312543,-0.7571524,-9.790426
13508558,0.00178765,0.0002438299,4.47258e-05,-0.4339664,-0.7564846,-9.788799
13528145,0.001916649,-0.000388857,-0.0001734178,-0.4383989,-0.7550859,-9.789053
13548212,0.002002313,-0.0006441324,-0.0001031749,-0.4372047,-0.7601082,-9.796911
13568174,0.001941205,-0.0005156557,0.0001034404,-0.4326394,-0.7587794,-9.803371
13588128,0.002174162,-0.0006463768,0.0001706545,-0.4261264,-0.7535354,-9.804577
13608573,0.00211187,-0.0008832511,6.526022e-05,-0.4285922,-0.7562485,-9.809004
13628392,0.002017492,-0.0007208812,-7.363877e-05,-0.4303155,-0.7581803,-9.804578
13648214,0.001875624,-0.0007618215,-0.000178043,-0.4289039,-0.7615291,-9.786934
13668175,0.001617771,-0.0005418788,-3.703952e-05,-0.4242075,-0.7596633,-9.791881
13688149,0.001548726,-0.0002634031,0.0001307104,-0.4290166,-0.7590109,-9.794728
13708598,0.001527378,-3.556448e-05,0.0001094249,-0.4346021,-0.7578228,-9.796977
13728174,0.001344245,0.0001819022,8.97204e-05,-0.4462478,-0.75851,-9.80575
13748230,0.001429032,0.0003198639,0.0001330758,-0.4318993,-0.7625934,-9.803778
13768151,0.001512352,4.964062e-05,-0.0001019993,-0.4199124,-0.7585517,-9.791229
13788386,0.001545443,-0.0003238234,-1.594932e-05,-0.4296993,-0.752888,-9.797674
13808544,0.001559053,-0.0005866426,5.251304e-05,-0.4410641,-0.7531682,-9.805164
13828114,0.001777547,-0.001245984,4.223236e-05,-0.4423414,-0.7602752,-9.803982
13848176,0.001865447,-0.001666864,3.84061e-05,-0.4412173,-0.7597498,-9.800472
13868180,0.001752949,-0.001680747,0.0001502288,-0.4382433,-0.7628271,-9.782563
13888161,0.001381027,-0.0009556704,0.0002555739,-0.4398545,-0.7609346,-9.787472
13908562,0.0009561401,-0.0002933208,0.0002561132,-0.4400764,-0.7609048,-9.796416
13928200,0.0006386378,-0.0001844516,0.000235816,-0.4357147,-0.7586759,-9.801633
13948417,0.0001961637,0.0001257861,5.437857e-05,-0.4357137,-0.7601462,-9.811918
13968185,0.0001867648,0.0003884401,-6.002693e-05,-0.4364513,-0.7654911,-9.808587
13988153,0.0004474825,0.0006101259,-9.644688e-05,-0.4326451,-0.7628478,-9.807367
14008541,0.0005150944,0.0008037564,-0.0001747444,-0.4273629,-0.7571476,-9.793787
14028124,0.0006521611,0.0009997021,-9.652317e-05,-0.4310829,-0.7578269,-9.795719
14048205,0.0007690352,0.001131602,-4.228331e-05,-0.4193177,-0.7598094,-9.803968
14068183,0.001256334,0.0008563127,-0.0002351689,-0.4303724,-0.7587899,-9.809134
14088173,0.001837518,0.000596378,-0.0002592546,-0.4461168,-0.7561704,-9.807618
14108850,0.002113514,0.000520068,-0.0001424424,-0.4482949,-0.7560062,-9.809779
14128185,0.002341296,0.0003534367,-3.143242e-05,-0.4373886,-0.7589793,-9.81553
14148195,0.002365828,-0.000223594,-0.0002979982,-0.4325859,-0.7639045,-9.805586
14168158,0.002468399,-0.0009488001,-0.0006127206,-0.4297615,-0.7613798,-9.80071
14188150,0.002282335,-0.001165457,-0.0007221725,-0.4316635,-0.7629154,-9.796853
14208576,0.002026236,-0.001138125,-0.0006315138,-0.4331442,-0.7567903,-9.807201
14228179,0.001893969,-0.001149987,-0.0004074958,-0.4356574,-0.7557443,-9.821662
14248231,0.00192024,-0.001253543,-0.0001266465,-0.4325241,-0.7564114,-9.823461
14268383,0.001944664,-0.001490282,-0.0001135003,-0.4270724,-0.7555397,-9.81628
14288169,0.0015757,-0.0008307471,1.549088e-06,-0.4296909,-0.7582744,-9.805511
14308537,0.001160839,-0.000546285,9.28666e-05,-0.4325651,-0.7595335,-9.817067
14328183,0.0004668651,-0.0004442291,0.0001248661,-0.4229392,-0.7589024,-9.808587
14348183,0.000173614,-0.0005091202,-0.0001287085,-0.4315014,-0.7582232,-9.803695
14368197,0.0002583801,-0.000548597,-0.0001927845,-0.4395647,-0.7631392,-9.810468
14388176,0.00041223,-0.0006599849,8.324414e-05,-0.4383891,-0.7655495,-9.82427
14408546,0.0006068756,-0.0001909541,0.0001780998,-0.4382373,-0.7622489,-9.81472
14428381,0.00111611,-1.266945e-05,0.000169983,-0.4345303,-0.7610164,-9.817395
14448182,0.001425821,0.0002708541,0.000124633,-0.4421418,-0.7615318,-9.832427
14468181,0.001451007,0.0006832088,0.0002756898,-0.4391963,-0.7615879,-9.821873
14488193,0.001458312,0.0007595012,0.0005328637,-0.4285962,-0.7599332,-9.806745
14508579,0.001211723,0.0006865276,0.0005800294,-0.4258486,-0.762913,-9.806808
14528284,0.001192315,0.0005711593,0.0005774091,-0.4225083,-0.7669842,-9.801136
14548230,0.001057972,0.0004885123,0.0005390259,-0.4228875,-0.7694853,-9.804725
14568182,0.001045879,0.0002819364,0.0004866337,-0.4313227,-0.7659585,-9.802028
14588415,0.001068585,6.803378e-05,0.0001218138,-0.4411839,-0.7656621,-9.796982
14608652,0.0009991067,0.0001917726,-0.0001164078,-0.4334495,-0.7681036,-9.795932
14628164,0.0009737251,0.0002585406,-0.0001356855,-0.4324991,-0.7711503,-9.803985
14648249,0.0007733065,0.0006450686,-6.902945e-05,-0.4374323,-0.7659244,-9.815889
14668188,0.0008083988,0.001014233,-6.401174e-05,-0.436394,-0.7604784,-9.816999
14688136,0.001086562,0.0009108438,-0.0001575613,-0.433248,-0.7623578,-9.815502
14708563,0.001566356,0.0004683017,-0.0003031551,-0.4304419,-0.7714437,-9.803997
14728187,0.001665556,0.0003129992,-0.0003657469,-0.4334511,-0.7644619,-9.805914
14748392,0.001590191,0.0006978918,-0.0004668014,-0.4324648,-0.7605358,-9.817904
14768148,0.001277014,0.001051198,-0.0002990626,-0.4284416,-0.7612652,-9.809074
14788186,0.00105126,0.0009876658,-0.0002517353,-0.4267103,-0.7656985,-9.799613
14808555,0.0007757416,0.0004918567,-2.270172e-05,-0.4382577,-0.7694508,-9.814784
14828193,0.0007314864,0.0004601254,0.0002577936,-0.4468811,-0.7636026,-9.814691
14848259,0.0005904306,0.0002058931,0.0003341748,-0.4408514,-0.7587999,-9.816169
14868188,0.0005449845,0.0002550321,0.0002907313,-0.4343718,-0.7563622,-9.815974
14888189,0.0007284607,6.384371e-05,0.0001907473,-0.4425766,-0.759933,-9.806281
14908793,0.0008822548,-0.0004643774,0.0001249724,-0.4420383,-0.7655913,-9.805484
14928140,0.0004853634,-0.0004173607,0.0001933477,-0.440299,-0.7644016,-9.81424
14948212,0.000140805,-0.000479095,0.0001705726,-0.4335381,-0.7580661,-9.805034
14968188,0.0003008145,-0.000547884,0.0001831681,-0.4317248,-0.758255,-9.814485
14988200,0.0004465165,-0.0003384968,0.0001527631,-0.419939,-0.7594143,-9.823599
15008531,0.0006485654,-0.0004593213,0.0001612689,-0.4186313,-0.7630458,-9.812751
15028173,0.0008574121,-0.0006050399,0.0003104273,-0.4291579,-0.7653623,-9.818372
15048219,0.000980343,-0.0006324936,0.0003704916,-0.4311361,-0.7675922,-9.827697
15068364,0.0008271933,-0.0004780098,0.0002790109,-0.4326034,-0.7659739,-9.822306
15088191,0.0007809305,-0.0006583645,0.0001069359,-0.4336306,-0.7638828,-9.820688
15108545,0.0009954117,-0.0004098272,-0.0001022442,-0.4300229,-0.7662839,-9.825051
15128172,0.000851267,0.0001960483,-0.0001293476,-0.4350959,-0.7661558,-9.820278
15148223,0.0006817395,0.0003280896,-0.0001338718,-0.4332743,-0.7655471,-9.817088
15168194,0.000530592,0.0001383274,-3.966457e-05,-0.4354641,-0.7658284,-9.817277
15188148,0.0007022648,-0.0003862492,-0.0001675206,-0.4320852,-0.7642316,-9.814712
15208540,0.0006422329,-0.0003600699,-3.205208e-05,-0.432018,-0.7610621,-9.827478
15228430,0.0008474535,-0.0004422514,4.223223e-06,-0.4285851,-0.7596999,-9.836456
15248228,0.0009212866,-0.0009110215,0.0002560529,-0.4278892,-0.7638105,-9.827098
15268160,0.001062604,-0.0008766247,0.0003942017,-0.4266937,-0.7644017,-9.827413
15288169,0.001243242,-0.000273666,0.0003025125,-0.422606,-0.7650689,-9.833159
15308551,0.001743388,-0.0002355787,0.0002561109,-0.4302464,-0.7678196,-9.834514
15328171,0.002316016,-0.000283817,0.0004442597,-0.4305114,-0.7715097,-9.826679
15348236,0.002276491,-0.0004344789,0.0004162924,-0.4404723,-0.7719931,-9.832771
15368185,0.001944981,-0.0007633492,0.0002172107,-0.4403513,-0.7676218,-9.828789
15388357,0.001910588,-0.0009123036,1.765695e-05,-0.4301646,-0.7645169,-9.820446
15408560,0.0020806,-0.0006722833,-0.0002355585,-0.4276283,-0.76253,-9.816843
15428126,0.001957683,-0.0006044699,-0.0004063951,-0.4220834,-0.7680222,-9.823318
15448169,0.00161858,-0.0005494356,-0.0002112602,-0.4160092,-0.7720426,-9.817869
15468169,0.001321522,-0.0004052791,-0.0001644397,-0.4231771,-0.7694818,-9.815116
15488190,0.001014405,-0.0001007372,-6.003702e-05,-0.4194945,-0.7625484,-9.808145
15508603,0.0005708864,7.142035e-05,-0.0002416689,-0.4222198,-0.7692404,-9.807494
15528150,0.0003959384,0.0004257063,-0.0002511981,-0.4270277,-0.7707368,-9.825808
15548422,0.0004167473,0.0005197591,-0.0003154561,-0.4341611,-0.7692047,-9.840655
15568186,0.0002074942,0.0006360589,-0.0001186889,-0.4293694,-0.7738346,-9.835335
15588150,9.191003e-05,0.0007506041,6.755455e-05,-0.4231587,-0.7723043,-9.823767
15608541,0.0004530704,0.0007171847,0.0001817237,-0.4217382,-0.7693256,-9.823206
15628196,0.001168992,0.000746172,0.0002145786,-0.4246254,-0.7684981,-9.829865
15648218,0.001558847,0.001102095,0.0001707106,-0.4372402,-0.7667322,-9.819491
15668152,0.001912475,0.0009819925,0.0003106392,-0.4338485,-0.7674201,-9.82292
15688182,0.002074263,0.0007325634,0.0004854343,-0.4252614,-0.7693063,-9.823026
15708750,0.001982055,0.0007002775,0.0003712407,-0.4246729,-0.7677234,-9.825037
15728188,0.001929133,0.0003210707,0.0002792387,-0.4320527,-0.7699155,-9.825521
15748287,0.002155717,-0.0002191214,0.0001183369,-0.4310805,-0.7666694,-9.818726
15768182,0.001958881,-0.0001980175,-0.0001246366,-0.4278161,-0.7645344,-9.810102
15788170,0.001256871,0.0003387929,-8.404241e-05,-0.4292566,-0.7721125,-9.80986
15808569,0.0008083408,0.0008252147,0.0002001225,-0.4331821,-0.7672502,-9.82186
15828139,0.0008164305,0.0007807911,0.0002983982,-0.4368815,-0.7633352,-9.828623
15848225,0.001128738,0.0004084417,0.0002369255,-0.4380399,-0.7599534,-9.822738
15868429,0.001618257,0.0001084377,0.0001842651,-0.4353181,-0.769231,-9.81329
15888188,0.001891103,-0.0004789198,4.542413e-05,-0.4371614,-0.7748808,-9.824421
15908609,0.001874669,-0.000761648,-0.0001608048,-0.438879,-0.7737617,-9.838618
15928137,0.001752136,-0.0009724664,-0.0002471518,-0.4350168,-0.7704289,-9.839821
15948182,0.001853143,-0.001373887,-0.000286298,-0.4294055,-0.7619648,-9.836469
15968167,0.002167375,-0.00188637,-0.0002820643,-0.4235603,-0.7653748,-9.833783
15988173,0.002479283,-0.001827314,-0.0001406846,-0.4222299,-0.7693607,-9.812778
16008567,0.00223467,-0.001181726,-4.095576e-05,-0.4328589,-0.7679196,-9.823436
16028395,0.00182377,-0.0008463843,-6.815218e-06,-0.4294457,-0.7668879,-9.827341
16048237,0.001776845,-0.0009377787,-9.766813e-05,-0.4305368,-0.7715451,-9.822524
16068186,0.001839409,-0.00106105,-0.0002431483,-0.4364708,-0.7706199,-9.837543
16088151,0.001735393,-0.001113421,-0.0003514506,-0.4354425,-0.7709342,-9.83578
16108527,0.001882249,-0.0008510242,-0.0002939126,-0.4269995,-0.7691253,-9.829197
16128163,0.001977495,-0.0005979241,-0.0001409206,-0.4236706,-0.7653496,-9.832671
16148213,0.001841746,-0.0003665017,-0.0001610298,-0.4261774,-0.7608206,-9.837131
16168208,0.001635922,-0.0003188421,1.127236e-06,-0.4197765,-0.7629753,-9.830916
16188370,0.00141989,1.795273e-05,0.0001427338,-0.421135,-0.7699901,-9.825115
16208534,0.001220468,0.0006075036,0.0002995006,-0.4253363,-0.7760263,-9.825532
16228183,0.001586827,0.0004432279,0.0001955283,-0.4308495,-0.772008,-9.833671
16248198,0.001618821,0.0004999414,2.636093e-05,-0.4322062,-0.7717617,-9.845513
16268098,0.001635598,0.001089806,-0.0001231696,-0.4256191,-0.7698011,-9.834479
16288153,0.001511197,0.001736202,-0.0002526015,-0.4298299,-0.7707325,-9.84336
16308619,0.001412318,0.002115091,-0.0002708805,-0.4341245,-0.771038,-9.847328
16328182,0.001532247,0.001722045,-0.0001443019,-0.4365106,-0.7700762,-9.83793
16348385,0.001868046,0.0009665931,-2.444162e-05,-0.4357083,-0.7685748,-9.830906
16368155,0.001699615,0.000437473,-4.174771e-05,-0.4252771,-0.7657132,-9.82813
16388175,0.001571168,-0.0006011474,4.723475e-05,-0.4208511,-0.7638909,-9.823466
16408552,0.001751273,-0.001179311,-3.825503e-05,-0.4296434,-0.7706735,-9.823692
16428165,0.001790081,-0.001001387,-4.256688e-05,-0.4377994,-0.77106,-9.832399
16448239,0.001980752,-0.0002651889,-0.0001251391,-0.4381351,-0.7682191,-9.823566
16468198,0.002032644,0.0001016546,-0.000278728,-0.4308974,-0.7682625,-9.826313
16488179,0.002028674,0.0003909779,-0.0003034787,-0.4383494,-0.7727809,-9.829964
16508786,0.00196842,0.0006551473,-0.0003470069,-0.4410973,-0.7752055,-9.831773
16528158,0.001622111,0.0007456827,-0.000317439,-0.4389477,-0.7698796,-9.838902
16548222,0.001328497,0.0007351006,-0.000182197,-0.4287131,-0.7686228,-9.837751
16568165,0.001171827,0.0007660805,-0.0001420719,-0.4235172,-0.7715479,-9.837219
16588197,0.001135126,0.0001359562,-0.000314382,-0.4336651,-0.7758498,-9.841848
16608534,0.001260265,-0.0008235484,-0.0002935314,-0.4308831,-0.7770928,-9.839841
16628167,0.001383802,-0.001515992,-0.0002243366,-0.4264574,-0.77566,-9.833939
16648204,0.001250859,-0.00168996,-0.0002038962,-0.4171871,-0.7678511,-9.831755
16668371,0.001172406,-0.001828792,-3.255059e-05,-0.4143672,-0.7687662,-9.827649
16688138,0.001427555,-0.001793824,9.066785e-05,-0.4263053,-0.7708727,-9.829309
16708505,0.001728819,-0.001888873,0.000201594,-0.4340122,-0.7714795,-9.834168
16728158,0.001907034,-0.001845252,0.0002756204,-0.4363487,-0.7755359,-9.837503
16748266,0.002128003,-0.00140973,0.0003695027,-0.4276422,-0.7751089,-9.836485
16768160,0.002063052,-0.001194167,0.0004316858,-0.4161211,-0.7701229,-9.831526
16788187,0.001821561,-0.0005914711,0.000405222,-0.4095613,-0.7656485,-9.822134
16808560,0.001885989,-0.0005967635,0.000428001,-0.4157453,-0.7675979,-9.821532
16828368,0.001963787,-0.0003703561,0.0003955284,-0.4262313,-0.7710737,-9.830503
16848234,0.002001164,-0.0001188208,0.0002151832,-0.4272859,-0.7745293,-9.829761
16868175,0.002159009,-0.0004436161,0.0001549347,-0.4240317,-0.7755943,-9.824437
16888176,0.001977792,-0.0004672234,8.030326e-05,-0.4165398,-0.7737123,-9.825187
16908574,0.001791707,-0.000137547,-1.506377e-05,-0.428387,-0.7740413,-9.821456
16928149,0.00165615,7.067181e-05,-0.0002390105,-0.4310532,-0.7755836,-9.829469
16948205,0.001333468,0.0004368793,-0.0003158499,-0.4299907,-0.7685796,-9.83779
16968198,0.0009201659,0.00106117,-0.0002876389,-0.4234312,-0.7671059,-9.835416
16988396,0.001063406,0.0009950332,-0.0003532829,-0.4311557,-0.7744939,-9.832298
17008548,0.001384916,0.0006821646,-7.598686e-05,-0.4492222,-0.7733213,-9.837509
17028151,0.001554844,0.0004700485,7.972991e-05,-0.4447421,-0.7721149,-9.832581
17048209,0.001871144,5.416433e-05,0.0001456756,-0.430967,-0.7722376,-9.835907
17068158,0.002256645,-0.0008961651,-1.54655e-06,-0.4262459,-0.7775532,-9.821374
17088180,0.0024288,-0.001260679,-0.000317983,-0.424789,-0.7752392,-9.823125
17108578,0.002435126,-0.001132629,-0.0006049118,-0.4314433,-0.7709533,-9.826482
17128196,0.002168699,-0.0006744739,-0.0005606583,-0.4370077,-0.7710823,-9.826793
17148418,0.001703811,-6.102596e-05,-0.0003842648,-0.4308057,-0.7694509,-9.818541
17168182,0.001118126,0.000719096,-0.0004472712,-0.4289922,-0.7766414,-9.827705
17188172,0.0006975793,0.001578449,-0.0003682903,-0.4271077,-0.7755806,-9.828114
17208550,0.0008461731,0.001720268,-0.0004730365,-0.4272231,-0.7763404,-9.831743
17228217,0.001146664,0.001121529,-0.000576873,-0.4279962,-0.7714479,-9.829349
17248188,0.0009263186,0.0006460429,-0.0005324823,-0.428025,-0.7679903,-9.833015
17268176,0.0005330839,0.000166516,-0.0003197635,-0.4345417,-0.7700731,-9.832295
17288205,0.0003163622,9.877748e-05,-0.0002134411,-0.4418441,-0.7677842,-9.833453
17308824,0.0008021963,-0.0003595751,-0.0001027517,-0.4290401,-0.769137,-9.838062
17328203,0.0009557405,-0.0005008393,-3.404087e-06,-0.4285185,-0.7692496,-9.841537
17348237,0.000789123,-0.0008200274,0.0001173867,-0.4293357,-0.7715898,-9.846033
17368236,0.0005782603,-0.001146761,0.0001131315,-0.436419,-0.7685915,-9.841214
17388204,0.0008730434,-0.000909198,1.835944e-05,-0.4378822,-0.7635427,-9.833945
17408644,0.001462044,-0.001033722,7.825399e-05,-0.4376989,-0.7679093,-9.829865
17428187,0.001703221,-0.0009333146,5.091941e-05,-0.4345355,-0.7732428,-9.838714
17448259,0.001751209,-0.0009710013,1.959406e-05,-0.4327603,-0.7760432,-9.840346
17468390,0.001760432,-0.001167418,9.634802e-05,-0.4393724,-0.7727645,-9.83542
17488184,0.001767931,-0.0009480659,5.43813e-05,-0.4380008,-0.7623996,-9.838241
17508627,0.001967301,-0.0008211731,-4.089939e-05,-0.4255663,-0.764046,-9.84213
17528153,0.001888623,-0.0006778729,-0.0001121476,-0.4339117,-0.7656385,-9.83442
17548271,0.001869615,-0.0004235185,1.821376e-05,-0.4373055,-0.7702567,-9.825823
17568193,0.001856429,-0.0005684274,0.0001501321,-0.4349003,-0.7690846,-9.818641
17588191,0.001544294,-0.0004940264,0.0001388668,-0.4332621,-0.7707705,-9.821008
17608575,0.001082227,-0.0003307347,0.0001283744,-0.4191894,-0.7747595,-9.832946
17628406,0.0009290638,-8.703006e-05,6.431797e-05,-0.4139009,-0.7701036,-9.838342
17648218,0.0008316732,-1.638242e-05,2.238267e-05,-0.43166,-0.7717957,-9.834226
17668191,0.0008468707,-9.044339e-06,9.209847e-05,-0.4289919,-0.772034,-9.831867
17688168,0.0007593577,3.71796e-05,0.0002319239,-0.4317527,-0.7707479,-9.839916
17708514,0.00112738,-0.0003181529,0.0002212186,-0.4380535,-0.7644451,-9.834482
17728182,0.001538286,-0.0007339686,6.980918e-05,-0.4322661,-0.7646384,-9.830065
17748218,0.001782871,-0.001010121,1.607312e-05,-0.4277495,-0.7712988,-9.829501
17768206,0.001705655,-0.0007340665,-5.670996e-05,-0.4264953,-0.7718366,-9.833699
17788387,0.001346278,-0.000258649,-5.36345e-05,-0.4272658,-0.7719376,-9.829526
17808548,0.001003475,-7.271509e-05,-0.0001910124,-0.4351039,-0.7673757,-9.827028
17828181,0.0008844922,0.0001933047,-0.0003765042,-0.4334248,-0.7600467,-9.8299
17848237,0.00102538,0.0004167499,-0.0006267382,-0.4303,-0.7642933,-9.840014
17868166,0.001209861,0.0001801686,-0.0007654916,-0.4283758,-0.7607829,-9.834707
17888207,0.001196339,-0.0001366583,-0.0005869871,-0.4415409,-0.7660011,-9.831731
17908602,0.0009861892,-9.096976e-05,-0.0003965023,-0.4444469,-0.7738491,-9.833299
17928188,0.00110501,-0.0003115167,-0.000280038,-0.4374723,-0.7700405,-9.839162
17948431,0.001846964,-0.0005583153,-0.0002634441,-0.4277475,-0.7711165,-9.837822
17968180,0.002346353,-0.0005497929,-0.0002676751,-0.4280128,-0.7782642,-9.827631
17988194,0.002443304,-0.0003734584,-0.000190837,-0.4259444,-0.775476,-9.828598
18008561,0.001918842,7.712551e-05,-5.041158e-05,-0.4231344,-0.7686619,-9.824173
18028147,0.00134102,0.0007105476,-3.142e-05,-0.4242367,-0.7659953,-9.829909
18048225,0.001116133,0.0009226233,-3.222483e-05,-0.4289621,-0.7658149,-9.846385
18068172,0.001257751,0.0004448298,-8.924218e-05,-0.4359384,-0.7602425,-9.851572
18088193,0.001446192,0.0001265102,-0.0001545175,-0.4387634,-0.7630132,-9.849989
18108825,0.001399125,-0.0003455903,-0.0001152578,-0.4312015,-0.7702583,-9.836029
18128182,0.00130627,-0.0007288341,-0.0001426287,-0.4247992,-0.7729031,-9.825243
18148223,0.001277384,-0.000536164,-0.0002995063,-0.426807,-0.7738665,-9.830032
18168214,0.0009173257,-0.0001102086,-0.0002074727,-0.4340142,-0.7664496,-9.83393
18188162,0.0007202504,5.908511e-05,-0.000158929,-0.4347953,-0.7665541,-9.831356
18208576,0.0005832729,1.132107e-05,-0.0001554486,-0.4276315,-0.7766198,-9.826834
18228187,0.0007245473,8.86982e-06,-2.746435e-05,-0.4399742,-0.7788063,-9.825823
18248231,0.001183916,-0.0002089543,-3.434999e-05,-0.4422035,-0.7713217,-9.820858
18268400,0.001665906,-0.0004901545,-4.226919e-05,-0.4442117,-0.7663044,-9.810003
18288186,0.001912899,-0.0002779722,1.865536e-06,-0.4401695,-0.7644748,-9.820775
18308540,0.001995173,0.0001255637,0.000187225,-0.4301323,-0.7657784,-9.820353
18328137,0.001792901,0.0008909837,0.0001544151,-0.4318141,-0.7691845,-9.827355
18348247,0.001444688,0.001007743,0.0001407784,-0.4344594,-0.7623167,-9.832348
18368174,0.001243725,0.0006389595,0.000151402,-0.4388068,-0.7679318,-9.826721
18388185,0.001516157,0.0001124924,-1.264928e-05,-0.439323,-0.7707935,-9.835986
18408583,0.001744804,-0.0006302962,-0.0002253015,-0.4441649,-0.7669807,-9.846167
18428413,0.001776872,-0.0009499519,-0.0001916455,-0.4403617,-0.7636217,-9.841049
18448211,0.001610288,-0.001250751,8.074764e-05,-0.441863,-0.7686378,-9.83575
18468185,0.001541838,-0.001413211,0.0001386142,-0.4373016,-0.7670701,-9.833626
18488187,0.001546459,-0.001211541,-9.721194e-05,-0.4317577,-0.7711701,-9.832753
18508562,0.001703903,-0.001059616,-0.0001523698,-0.4352522,-0.7766833,-9.829482
18528166,0.001681427,-0.0008717756,-0.0001396286,-0.4323475,-0.7747765,-9.825108
18548224,0.00146198,-0.0002473071,-0.0001396213,-0.4330702,-0.7708416,-9.818435
18568196,0.001329391,0.0005397896,-0.0001903057,-0.4294224,-0.7662091,-9.828307
18588405,0.001294693,0.0007143232,-0.0002809992,-0.4297154,-0.766257,-9.835105
18608612,0.001242488,0.001015087,-0.0001279581,-0.4397248,-0.7675806,-9.835628
18628188,0.001257161,0.001344694,-2.792211e-05,-0.440365,-0.7695296,-9.824242
18648240,0.001374358,0.001250711,5.525252e-05,-0.4298435,-0.7724257,-9.833986
18668157,0.001159218,0.001441054,0.0001376446,-0.4337192,-0.7704499,-9.833727
18688203,0.0007562497,0.001302301,5.411588e-05,-0.4379678,-0.7671591,-9.825719
18708611,0.0004409678,0.00120809,7.75658e-05,-0.4422476,-0.7671589,-9.821506
18728188,0.0004167042,0.0006946093,5.899678e-05,-0.4391661,-0.7674142,-9.836352
18748429,0.0003921803,0.0003433903,2.858863e-05,-0.4344753,-0.76412,-9.842198
18768211,0.0003412433,-0.0001050269,0.0001978194,-0.4252592,-0.7712952,-9.832504
18788177,0.0006662593,-0.0006730251,0.0002985001,-0.4285761,-0.7697101,-9.821471
18808552,0.0007647452,-0.0006421589,0.0002660403,-0.432704,-0.765285,-9.822828
18828149,0.0007249144,-0.0006740366,0.0002021989,-0.4386472,-0.7609432,-9.83603
18848242,0.0008019747,-0.001078079,2.601789e-05,-0.4295109,-0.7673736,-9.839065
18868183,0.0008894002,-0.001205563,4.768996e-05,-0.4287682,-0.7734475,-9.827625
18888198,0.001215853,-0.001145892,5.799299e-05,-0.4261243,-0.7697377,-9.822787
18908799,0.001428774,-0.001200306,-0.0001488333,-0.420038,-0.770864,-9.821697
18928161,0.001484605,-0.0009911855,-0.0002376386,-0.4280774,-0.7763601,-9.825227
18948223,0.001222116,-0.0004343272,-7.545604e-05,-0.4409896,-0.7717008,-9.824335
18968171,0.001166764,-0.0001203489,0.0001478351,-0.4357125,-0.768582,-9.818154
18988195,0.001281442,9.939835e-05,0.0002125927,-0.4349852,-0.7672933,-9.822159
19008612,0.001004049,2.949089e-05,0.0002967427,-0.4370853,-0.7672833,-9.823716
19028183,0.0009234659,-0.0002015679,0.0004237089,-0.4315024,-0.7666897,-9.832434
19048230,0.0009934427,-0.0008593863,0.0004344975,-0.4310429,-0.7693623,-9.838775
19068370,0.001446216,-0.001285408,0.0002036952,-0.4400994,-0.7706369,-9.840963
19088152,0.001852287,-0.001750578,0.0001996613,-0.4467264,-0.7713232,-9.837698
19108613,0.002082501,-0.001933513,0.0003506132,-0.4321167,-0.7716655,-9.823649
19128184,0.002299985,-0.002023563,0.000414749,-0.4145358,-0.7690157,-9.819635
19148227,0.002569823,-0.00178623,0.0005720961,-0.4238822,-0.7691872,-9.828921
19168199,0.002633647,-0.001470106,0.0006832256,-0.4263485,-0.7727823,-9.841809
19188189,0.002548545,-0.0009110795,0.0006110228,-0.4213728,-0.77377,-9.841463
19208544,0.002728093,-0.0004546898,0.0003436901,-0.4327288,-0.7732437,-9.831278
19228390,0.002611439,-0.0003818095,0.0001953991,-0.4362053,-0.7689069,-9.825832
19248203,0.002102231,8.211019e-05,-7.095913e-05,-0.4310448,-0.7723591,-9.822277
19268156,0.00173731,0.0005619242,-0.0002385377,-0.4373152,-0.769766,-9.824265
19288169,0.001465512,0.000488269,-0.0002236596,-0.4389191,-0.7654355,-9.822208
19308557,0.001209507,0.0005407184,-0.0001027895,-0.4430686,-0.7622965,-9.820432
19328239,0.001106694,0.0002836602,2.045349e-05,-0.4382644,-0.7645889,-9.82135
19348195,0.0009627636,0.0002835204,0.0002288203,-0.4431321,-0.7673945,-9.824134
19368183,0.0009978509,-6.496016e-05,0.0005075439,-0.4470817,-0.770071,-9.82433
19388392,0.000945321,-0.0002032806,0.0006831362,-0.4415337,-0.7658407,-9.831013
19408546,0.001114666,0.0001407662,0.0006399457,-0.4380981,-0.7674509,-9.83886
19428171,0.001305402,0.0003095713,0.0004465474,-0.4407033,-0.7684938,-9.837523
19448200,0.001555056,0.0001556266,0.0003163173,-0.4447974,-0.7703948,-9.828267
19468163,0.002062233,-0.0004974342,0.0001824375,-0.4449056,-0.764948,-9.827651
19488181,0.002092679,-0.0008311967,0.0001267264,-0.4412462,-0.7611148,-9.831805
19508574,0.002191958,-0.0007818514,0.0003301239,-0.4338489,-0.7648076,-9.842204
19528132,0.002180976,-0.001291311,0.0005767377,-0.4371658,-0.7653596,-9.830401
19548406,0.002297887,-0.001613097,0.0007273105,-0.4301631,-0.7652094,-9.813209
19568186,0.002423152,-0.001599622,0.0007067985,-0.4304743,-0.7724133,-9.806831
19588189,0.002501763,-0.0009636356,0.0005625612,-0.4267159,-0.7702262,-9.821469
19608603,0.002279215,-0.0001668561,0.0001354032,-0.4320945,-0.7658479,-9.836329
19628186,0.001965635,0.0002472228,-0.0003375383,-0.4364995,-0.763987,-9.842994
19648209,0.001921233,0.0005149104,-0.0005386231,-0.4343036,-0.7680002,-9.831621
19668195,0.001695597,0.0006228009,-0.0003132353,-0.4268062,-0.7707089,-9.829303
19688149,0.001593473,5.326734e-05,-0.0002196954,-0.4274358,-0.7715381,-9.828389
19708816,0.001545789,-0.0007167485,-0.0001776383,-0.4338962,-0.7688718,-9.837049
19728192,0.001605183,-0.0009941639,-0.0002653204,-0.4356385,-0.7687252,-9.841279
19748214,0.001527874,-0.001161879,-0.0003085077,-0.4422799,-0.7705942,-9.834079
19768232,0.001518742,-0.00101811,-0.0004860193,-0.4409922,-0.7667073,-9.827415
19788167,0.001771914,-0.001116708,-0.0005971482,-0.4311981,-0.7675868,-9.830169
19808546,0.001934766,-0.0007367581,-0.0005667625,-0.428825,-0.7689196,-9.825004
19828175,0.001831998,-5.743298e-05,-0.0005039255,-0.429967,-0.7712287,-9.820529
19848247,0.001900387,4.073338e-05,-0.0005458866,-0.4316468,-0.773991,-9.825668
19868391,0.001856872,0.0001200839,-0.0005695834,-0.4394248,-0.7710187,-9.833879
19888188,0.001481943,0.0003990069,-0.0004619348,-0.4420462,-0.7678179,-9.832152
19908572,0.001217641,0.0003974937,-0.0003960039,-0.4324154,-0.768705,-9.825521
19928180,0.001203529,-0.0003962049,-0.0002038838,-0.4234543,-0.7692137,-9.83062
19948226,0.001443868,-0.001016969,-6.897578e-05,-0.4227519,-0.7732138,-9.825665
19968173,0.001487007,-0.001178604,-9.702681e-05,-0.4311555,-0.7682128,-9.81937
19988185,0.001619368,-0.0012695,-0.0001657261,-0.4389357,-0.7662851,-9.820085
20008578,0.001694142,-0.001102459,-0.0002061881,-0.4350742,-0.7695804,-9.825957
20028394,0.001782199,-0.001229208,-0.0001396703,-0.4382439,-0.767508,-9.825953
20048233,0.001796058,-0.001001952,3.009032e-05,-0.4332119,-0.760007,-9.82185
20068178,0.001744236,-0.0008309666,-6.514558e-05,-0.4282846,-0.7613245,-9.819492
20088169,0.001589201,-0.0007612938,8.340628e-05,-0.4288836,-0.7613239,-9.82074
20108541,0.001724958,-0.001082794,0.0001564927,-0.4221243,-0.7646102,-9.812981
20128158,0.001957775,-0.00120008,0.000234229,-0.4275898,-0.7698464,-9.831003
20148198,0.002179984,-0.00121827,0.0001877755,-0.4373297,-0.7642415,-9.840852
20168184,0.002077228,-0.001279735,5.807225e-05,-0.4360028,-0.7702649,-9.840631
20188386,0.001677399,-0.001319228,8.118945e-05,-0.4401404,-0.7701627,-9.834113
20208542,0.001453317,-0.0007929347,6.551758e-05,-0.4288985,-0.7690052,-9.831907
20228181,0.00148558,-0.0004963983,-9.496511e-05,-0.4281719,-0.7697363,-9.834023
20248208,0.001562579,-0.0004440045,-0.0002387882,-0.4341233,-0.7645715,-9.834073
20268140,0.001474826,-0.0005333443,-0.0003703042,-0.4313631,-0.7619119,-9.828701
20288189,0.001615507,-0.0005983937,-0.0005163578,-0.4327846,-0.7658469,-9.82445
20308538,0.00213522,-0.0006823182,-0.0004303885,-0.4428107,-0.7655032,-9.822435
20328196,0.002397361,-0.0007542652,-0.0001375191,-0.4503232,-0.7627929,-9.824325
20348422,0.002173238,-0.0008221758,-1.877557e-05,-0.4414976,-0.7614562,-9.823513
20368193,0.001687126,-0.000786514,-4.695927e-05,-0.429622,-0.7602041,-9.830509
20388177,0.001259161,-0.0004284836,-0.0001025708,-0.4306395,-0.7678388,-9.826699
20408572,0.0008770489,-0.0001468368,2.509344e-05,-0.4393107,-0.7652939,-9.831646
20428151,0.0007512579,-0.000468539,4.032343e-05,-0.441298,-0.7631563,-9.823745
20448224,0.000741925,-0.0005326055,0.0002219263,-0.4385911,-0.7669613,-9.817596
20468164,0.000775664,-0.0005011356,0.000225442,-0.4366806,-0.7643735,-9.821501
20488198,0.000650229,-0.0004088098,0.0002066763,-0.4321744,-0.7644744,-9.837812
20508851,0.0007290186,-0.0003274657,-7.344234e-05,-0.4331175,-0.7649171,-9.830445
20528158,0.0008077145,-0.0004471469,-8.037278e-05,-0.4346147,-0.762422,-9.825511
20548232,0.001067603,-0.0008319958,-0.0001430196,-0.4357664,-0.7668534,-9.821173
20568194,0.001314331,-0.0008384991,-0.0001526405,-0.4384315,-0.7671272,-9.81845
20588166,0.001505583,-0.0005315126,-0.0002073121,-0.4379154,-0.7629993,-9.823583
20608666,0.00177045,-0.0004598631,-1.008609e-05,-0.4400063,-0.7603181,-9.831455
20628183,0.002135199,-0.0007280281,-5.518094e-07,-0.4380536,-0.7662958,-9.827317
20648231,0.002315371,-0.0007964968,-6.219875e-05,-0.4380774,-0.7675561,-9.822439
20668389,0.002291077,-0.000472388,-0.000151238,-0.4346618,-0.7693744,-9.820331
20688195,0.002171746,-0.0003075674,-0.0003970797,-0.4428843,-0.7706445,-9.839197
20708581,0.002093222,-3.176374e-05,-0.0005151558,-0.4390281,-0.7722119,-9.833199
20728160,0.001966771,0.000338682,-0.0001542734,-0.4342382,-0.7682354,-9.823764
20748213,0.001864014,3.704948e-05,0.000249175,-0.4377617,-0.7629434,-9.825809
20768185,0.00176954,-8.030236e-05,0.0004611737,-0.4366898,-0.7671313,-9.830995
20788134,0.0017878,0.0002381701,0.0003890338,-0.4290956,-0.7622848,-9.822121
20808532,0.00190309,0.000674217,0.0002848681,-0.4350555,-0.7534228,-9.815027
20828368,0.001946745,0.0007556056,0.0002628525,-0.4390938,-0.7606763,-9.816327
20848267,0.001499189,0.0008245456,0.0002198762,-0.4332166,-0.7671934,-9.816055
20868154,0.0009861755,0.0005372039,6.815432e-05,-0.4341785,-0.7716606,-9.829331
20888179,0.0009432643,-1.206049e-05,-0.0001865392,-0.4264897,-0.7718602,-9.824695
20908563,0.0009855134,-0.0006659605,-0.0004404028,-0.4322725,-0.7729123,-9.825924
20928122,0.00102847,-0.001157674,-0.000392847,-0.4372556,-0.7703606,-9.830176
20948179,0.001407315,-0.001434421,-0.000407231,-0.4349048,-0.7627621,-9.816212
20968193,0.001956025,-0.001567374,-0.0005092619,-0.428019,-0.7583773,-9.811769
20988344,0.002307336,-0.001171129,-0.0005265979,-0.4232252,-0.7567493,-9.817805
21008550,0.002059349,-0.0006859456,-0.0003498169,-0.4314498,-0.7607831,-9.823737
21028124,0.001690171,-0.008282269,-0.001519907,0.2996057,-1.080547,-10.53434
21048184,-0.01791481,-0.01452833,-0.02284311,0.4669486,-0.7119716,-9.181647
21068187,-0.01450955,-0.009711819,-0.04685378,-0.1965407,-0.3682119,-9.718378
21088184,0.01852805,-0.009997949,-0.03416535,0.1897065,-1.194408,-10.56977
21108577,0.009672395,-0.01434598,0.03119729,1.671267,-1.175389,-9.457249
21128137,0.01441563,-0.004393841,0.1302509,3.963498,-1.367007,-9.961185
21148434,0.0216653,0.005386342,0.2172031,3.432382,-1.13975,-9.744567
21168182,0.005722166,0.01658319,0.235439,2.830036,-0.3885139,-10.54379
21188155,-0.01125906,0.01474757,0.1809992,1.852501,0.4408743,-9.937041
21208530,-0.01466487,0.009741562,0.09433866,1.687508,-0.30551,-9.443938
21228163,0.01083517,0.01765603,0.02910753,1.035185,-1.311793,-9.852854
21248202,0.02270057,0.009010569,0.03113242,1.244749,-1.924646,-10.70249
21268161,-0.006459909,-0.006935117,0.07464739,1.267867,-1.123273,-9.476216
21288173,-0.01471379,-0.007310201,0.1040126,2.308636,-0.7710909,-10.22357
21308769,-0.01732095,-0.006700366,0.1035939,1.742004,-0.312457,-9.732934
21328132,-0.01440714,-0.002479245,0.09348775,1.343059,-0.6255365,-9.854262
21348190,0.00457755,0.001937752,0.08673108,1.2828,-1.20258,-10.76429
21368180,-0.009347063,-0.02011882,0.07114411,0.6713048,-0.7205886,-10.25336
21388167,-0.01225384,-0.01558296,0.0402017,0.8828762,-0.1977463,-9.404951
21408573,0.007734981,-0.01027518,0.008472209,0.4266451,-0.2573279,-9.7309
21428167,0.01170976,-0.007218505,-0.01432929,0.3748497,-0.849444,-10.6868
21448200,0.005349352,-0.01207488,-0.01565043,0.6618736,-1.174684,-10.63785
21468375,-0.001953414,-0.01433252,-0.004113118,0.8064977,-0.9159778,-9.827322
21488173,0.006547453,0.002006324,-0.002768186,0.5109754,-0.4743605,-9.602247
21508537,0.02892373,0.01007572,-0.003462629,0.4411015,-0.5877716,-10.2267
21528172,0.01924843,0.01045318,0.002612897,0.4705322,-1.487243,-10.73844
21548221,-0.007268567,-0.00321688,0.005107259,0.3781976,-0.843479,-9.330839
21568158,0.001864152,0.01043071,-0.01366945,1.91089,-0.1746474,-10.21189
21588174,-0.009621844,0.001318614,-0.07142267,1.496774,-0.561811,-9.971722
21608538,-0.04648821,0.001660244,-0.1369486,0.9293286,-0.8072025,-10.01935
21628361,-0.04070145,0.004873691,-0.1671684,0.7528219,-1.317323,-9.561647
21648235,-0.02325609,0.01958492,-0.162516,0.615153,-1.258055,-10.47421
21668177,-0.02107745,0.03551253,-0.1267534,0.658676,-1.456148,-10.04452
21688160,-0.01987684,0.02803445,-0.07930519,0.5136985,-1.065038,-10.00966
21708573,-0.01845434,0.04200004,-0.04767052,0.6978494,-0.2326465,-10.15578
21728173,0.01472235,0.01444702,-0.03348256,0.4974124,-0.9132088,-10.68336
21748207,-0.00706552,0.008594404,-0.03247022,0.773068,-0.4189312,-9.312817
21768187,-0.001862522,0.007040107,-0.04550034,0.8007129,-1.164193,-9.786907
21788365,-0.02659108,-0.01107472,-0.06950753,0.4246796,-1.056151,-10.24264
21808543,-0.0396653,2.996364e-05,-0.1114451,1.322384,-0.7334822,-9.409572
21828168,-0.01760304,-0.01147723,-0.1766505,1.281147,-0.7985014,-10.44373
21848227,-0.04087677,-0.009184264,-0.2212254,0.9852477,-0.9328112,-10.96106
21868150,-0.03414598,-0.01948196,-0.2153955,0.917036,-1.604333,-9.722432
21888168,0.005636779,-0.01998559,-0.1726566,0.4984119,-1.321569,-9.847897
21908544,0.03294618,-0.0186931,-0.1145493,0.1651635,-0.5650991,-10.8723
21928136,0.06006929,-0.02388405,-0.05904482,0.1698299,-1.164383,-10.19309
21948437,0.01105891,-0.02093029,0.004399178,-0.04688044,-0.3260009,-9.802727
21968157,0.01375255,0.004319393,0.06060365,0.4677401,-0.7274947,-9.90909
21988167,0.01625621,0.01210265,0.1012922,0.3278026,-0.4135278,-10.4598
22008578,0.02461969,0.01238689,0.1211741,1.302306,-0.5000889,-9.662825
22028117,0.0005871825,0.02011006,0.1181605,1.032404,-0.1447156,-8.995328
22048212,0.007835465,0.02030529,0.1177423,0.516674,-1.207705,-9.986176
22068177,0.001260837,0.02018978,0.109011,0.3833698,-0.435109,-10.89035
22088153,-0.003757257,0.004102981,0.1123439,0.2378665,-1.037087,-9.920209
22108838,-0.03902369,-0.009467275,0.1413329,0.8318629,-1.128279,-10.46815
22128177,-0.03501537,-0.02950034,0.1693913,0.8053086,-1.210487,-10.21073
22148210,-0.05300035,-0.03968887,0.1755346,1.189633,0.003948785,-9.405695
22168198,-0.02626423,-0.05673365,0.1484161,1.272629,0.09743936,-9.652225
22188142,-0.01563046,-0.03907847,0.1042225,0.673672,0.3059014,-8.925673
22208563,0.008967891,-0.04363284,0.06545306,1.242941,-0.6518181,-11.69685
22228174,0.01591702,-0.03807702,0.01505385,1.227783,-1.262452,-10.74026
22248213,0.004015456,-0.005209397,-0.02660072,0.3539629,-0.5292959,-9.339637
22268388,0.03107452,-0.001662078,-0.0364663,-0.2610375,-0.4555449,-10.73287
22288169,0.02199572,-0.006001865,-0.009063942,-0.1585594,-1.141269,-10.22833
22308581,0.008558823,0.02064638,0.02691809,1.154283,-0.8201608,-9.083064
22328241,0.01900413,0.04881552,0.03776124,0.9954526,0.05656577,-10.64349
22348179,0.0333356,0.05537219,0.03559753,0.2798343,-0.3701666,-9.20927
22368180,0.04675964,0.04225186,0.03646324,1.288481,-0.810793,-10.71143
22388175,0.05289873,0.03769251,0.01681758,1.225813,-0.8022759,-8.977111
22408586,0.04069812,0.03760248,-0.0009928743,0.6126885,-0.7977806,-10.72082
22428392,0.0202684,0.03062714,-0.003999737,0.1276043,-0.8793976,-9.410544
22448206,0.007841618,0.04150786,-0.01722835,1.890065,-0.1560563,-11.30414
22468196,0.02281614,-0.005731129,-0.06368197,0.9797112,-0.7405187,-9.737149
22488137,-0.01887126,-0.001142827,-0.1151714,0.5701447,-0.9692976,-9.445864
22508503,-0.02651038,0.0005267421,-0.154203,1.056838,-0.7572868,-10.24864
22528168,-0.001741743,-0.01743738,-0.1818419,1.032412,-1.287534,-9.524987
22548214,-0.02300573,-0.03222366,-0.1913311,1.053286,-1.135714,-10.15788
22568145,-0.009294844,-0.06416313,-0.1984768,0.9624062,-1.190404,-9.394296
22588359,-0.01535359,-0.06026172,-0.2106562,-0.006498524,-0.6000333,-10.1924
22608494,-0.01012962,-0.04603435,-0.2255784,0.3011103,-1.328005,-11.10958
22628176,-0.03781674,-0.01085465,-0.2268259,1.026785,-0.6421447,-9.396934
22648181,-0.02969727,-0.01203221,-0.2086525,0.6583428,-1.795401,-12.56836
22668168,-0.08059911,-0.006119233,-0.1582202,-0.21994,-1.218782,-9.706169
22688170,-0.082694,0.01768291,-0.08737108,-4.503087,0.9038668,-9.37456
22708559,-0.06575817,-0.1492905,-0.2637122,-3.972405,2.902558,-4.543477
22728183,-0.3119577,-0.3287786,-0.6202417,-3.871088,2.911021,7.642344
22748419,-0.3847016,-0.7397147,-1.143361,-0.6568826,-0.9182152,4.771636
22768176,-0.441994,-0.9154661,-1.689025,-1.430684,1.778737,-1.045929
22788189,-0.3558556,-0.7668877,-2.101269,-2.686314,0.1716491,-5.306999
22808579,-0.2753088,-0.3134106,-2.332197,-6.870394,0.5920864,-6.0306
22828173,-0.1845847,0.2483007,-2.375373,-3.322975,-1.358497,-13.10655
22848237,-0.1117257,0.594051,-2.165613,-1.049175,-4.800617,-15.15894
22868182,0.007251522,0.6282747,-1.824498,-0.6712755,-2.540777,-11.02753
22888160,-0.07678363,0.6487129,-1.442578,-0.8773826,-2.040924,-8.413254
22908768,-0.02228347,0.4901202,-1.052068,-1.428032,-4.858136,-11.44113
22928182,-0.02180263,0.3497127,-0.6767801,-1.081275,-2.706796,-8.318836
22948201,0.03022593,0.1923467,-0.360111,-1.004117,-3.641814,-10.22461
22968199,0.0266806,0.1063264,-0.1058782,-0.4394199,-2.506003,-10.13341
22988187,-0.001423161,0.06790656,0.07195473,0.2321236,-0.3632122,-9.759387
23008583,-0.01855082,0.04090545,0.1593601,0.7045219,0.5512051,-9.911483
23028143,-0.02102606,0.01663014,0.163493,0.3619254,0.3567183,-9.881349
23048205,-0.0223633,0.001131699,0.1164837,-0.1094537,-0.5620509,-9.700585
23068363,-0.01726285,-0.01089195,0.06119245,-0.6523202,-0.9534116,-9.814225
23088159,-0.001436561,-0.02586959,0.02223261,-1.601029,-0.928142,-9.832163
23108548,0.002366617,-0.01946163,0.006322605,-1.060044,-0.8377801,-9.728866
23128131,0.003761584,-0.009789935,0.008325452,-0.4231697,-0.7530826,-9.841406
23148204,0.00234231,-0.0006399752,0.01417248,-0.07940522,-0.3436621,-9.850061
23168165,0.0008192151,0.003846911,0.0127178,-0.03871967,-0.2298945,-9.816594
23188176,0.002214738,0.00208424,0.004638636,-0.2944579,-0.5399151,-9.803575
23208543,-0.0005232171,0.003180935,-0.002485729,-0.4965329,-0.7032376,-9.738179
23228366,-0.0004077877,0.002967139,-0.004144562,-0.4984726,-0.7582426,-9.822287
23248236,-0.0001082618,0.003264968,-0.0008792104,-0.4151669,-0.6809396,-9.858766
23268178,6.447996e-05,0.003075698,0.002801269,-0.238747,-0.4906007,-9.842507
23288138,0.0003781612,0.001896193,0.002616088,-0.2776593,-0.4907602,-9.842676
23308576,-0.0003196659,0.001416147,0.0002929138,-0.3584112,-0.6266002,-9.829611
23328215,-0.0006486163,0.001555281,-0.0009216748,-0.3909593,-0.7008322,-9.832315
23348224,6.974636e-06,0.00157544,0.0002055525,-0.3449771,-0.6571171,-9.832014
23368162,6.586686e-07,0.002085486,0.00202523,-0.2669601,-0.5359936,-9.859074
23388399,0.0005650231,0.001048312,0.001763518,-0.2404625,-0.5328339,-9.832397
23408532,0.0002469217,0.0006832334,0.0004157994,-0.2801018,-0.6203493,-9.793063
23428180,0.0007295536,4.391421e-05,2.477778e-05,-0.3334386,-0.6616999,-9.800153
23448179,0.0002303776,0.0007174153,0.0007804986,-0.2999574,-0.6346469,-9.810411
23468147,0.0001217151,0.0009843607,0.001030477,-0.2499798,-0.6028345,-9.83739
23488188,0.0003000539,0.0004711125,0.0003595602,-0.2659552,-0.6029438,-9.844386
23508566,0.0004288202,-1.572699e-06,-3.008021e-06,-0.3017852,-0.6088693,-9.844661
23528148,0.0003548327,-0.0002284815,0.0004440024,-0.2876063,-0.5988728,-9.820868
23548439,0.0002045506,-0.0006710223,0.0009253842,-0.2537794,-0.5732357,-9.828894
23568191,0.0004819836,-0.001182809,0.0006766591,-0.2586529,-0.6031134,-9.832139
23588177,0.0005850951,-0.001028095,0.0001609767,-0.273252,-0.6293218,-9.838909
23608548,0.0006702265,-0.0004016339,7.686399e-05,-0.2749365,-0.6283954,-9.846108
23628155,0.0007911526,-0.0003240536,7.410719e-05,-0.2496902,-0.5967639,-9.846112
23648204,0.0008496919,-8.096637e-05,-0.0001318583,-0.2497656,-0.5812995,-9.838891
23668180,0.0006370742,0.0004736387,-0.0004005537,-0.2663674,-0.5974503,-9.819551
23688198,0.0004517644,0.0004341743,-0.0001583516,-0.2720044,-0.6000122,-9.820393
23708839,0.0001223508,0.0006282257,0.0002954725,-0.266024,-0.5833048,-9.829662
23728199,7.324406e-05,0.0009748618,0.0005003738,-0.2590224,-0.5900964,-9.830276
23748209,0.0005624545,0.0006747021,0.0004120514,-0.2610663,-0.623772,-9.841321
23768139,0.0008618062,0.0005871797,0.0003750159,-0.2673998,-0.6160352,-9.845289
23788182,0.0009932676,0.0005605894,0.0003945442,-0.2657004,-0.5831167,-9.8325
23808548,0.001077862,0.0005252202,0.00022367,-0.2590646,-0.5869707,-9.825506
23828206,0.001074103,0.0004238705,0.000360675,-0.2624026,-0.6012102,-9.826035
23848242,0.001106748,0.0003627063,0.0004514157,-0.2645783,-0.6106573,-9.828075
23868381,0.001457931,-0.00021158,0.000248662,-0.2602024,-0.6026213,-9.842719
23888182,0.001635184,-0.000657108,4.874071e-05,-0.2587234,-0.5940642,-9.836185
23908554,0.001608368,-0.0009314104,-3.682667e-05,-0.2543411,-0.6035693,-9.812913
23928193,0.001535067,-0.00114496,-0.0001040578,-0.2528817,-0.627903,-9.82712
23948269,0.001653436,-0.001189911,-0.000152944,-0.2642173,-0.6457883,-9.832706
23968182,0.001535034,-0.00111697,-0.00013185,-0.2581914,-0.654458,-9.825857
23988180,0.001823908,-0.001060008,-0.0002562416,-0.2671122,-0.6240022,-9.82891
24008561,0.001590238,-0.0009484368,-0.0001457516,-0.2595546,-0.6051971,-9.837234
24028393,0.001330768,-0.0008577005,0.0001556611,-0.2491223,-0.6118227,-9.836455
24048218,0.0009579397,-0.001016333,0.0003710497,-0.258139,-0.6415969,-9.842693
24068171,0.0005206583,-0.000982329,0.000361598,-0.2558194,-0.6311529,-9.835029
24088161,-9.678108e-05,-0.0005480651,0.0003174516,-0.2583995,-0.617812,-9.837727
24108611,-0.0002543068,-0.0002091299,0.0002939517,-0.2667898,-0.6284394,-9.844851
24128192,-0.0002789356,0.0002741192,0.0001374998,-0.2647215,-0.6401818,-9.838191
24148209,-0.000346644,0.0006362679,-0.0001343223,-0.2638028,-0.6442327,-9.839931
24168160,-0.0003953363,0.001020679,-0.0001879119,-0.26744,-0.6384978,-9.850517
24188386,1.87494e-05,0.0008901899,-8.536091e-05,-0.2684469,-0.6401845,-9.844969
24208544,0.0006756144,0.0001928558,-5.655117e-05,-0.2629381,-0.6520818,-9.838707
24228158,0.0007850761,-0.0002768062,0.0001475828,-0.2549699,-0.6369641,-9.834797
24248204,0.0006098343,-0.000246805,0.000375778,-0.2611166,-0.6394219,-9.829153
24268147,0.0002825186,0.0003819538,0.0005704181,-0.2676964,-0.6487855,-9.83786
24288152,9.526364e-05,0.001110973,0.0008432341,-0.2575471,-0.639127,-9.833673
24308548,0.0003113453,0.001601663,0.0007905121,-0.2548481,-0.6338997,-9.834707
24328176,0.0007625176,0.001557324,0.0005519543,-0.258683,-0.6402116,-9.846418
24348406,0.001085738,0.001488746,0.0003272445,-0.2588587,-0.6411305,-9.837893
24368175,0.001319944,0.001397062,0.0001731294,-0.2521671,-0.6466007,-9.847124
24388184,0.001292169,0.001268637,0.0001045683,-0.246792,-0.6626825,-9.83757
24408568,0.001117477,0.00106506,-5.050957e-05,-0.2463875,-0.656216,-9.829088
24428178,0.001334983,0.0006422341,-0.0001427042,-0.2602407,-0.6699927,-9.845108
24448219,0.00157357,0.000866967,-0.0002111585,-0.2644489,-0.664003,-9.838659
24468174,0.00168704,0.001361916,-0.0004846107,-0.2638509,-0.653712,-9.842038
24488167,0.001688715,0.001658271,-0.0007179644,-0.2620129,-0.6409512,-9.844028
24508787,0.001504383,0.001512939,-0.001041429,-0.2634192,-0.6282275,-9.841668
24528175,0.001602664,0.0007950865,-0.001121078,-0.2655543,-0.6207491,-9.835505
24548211,0.001277684,0.0002223484,-0.0008600299,-0.2672076,-0.6260962,-9.832485
24568135,0.0007858852,-0.0001013037,-0.0005653491,-0.262641,-0.6343615,-9.828567
24588190,0.000861797,-0.000144939,-0.0004150128,-0.265978,-0.6517069,-9.831821
24608546,0.000912984,-0.0002523681,-0.0002910241,-0.2599463,-0.6642503,-9.831073
24628161,0.001312084,-0.0008807086,-0.0002309756,-0.2605468,-0.6686246,-9.84022
24648206,0.000947997,-0.0008545828,-4.398185e-05,-0.2633086,-0.6605941,-9.851889
24668344,0.0007725619,-0.0006690167,7.151334e-05,-0.2560346,-0.6489779,-9.849547
24688126,0.0006169192,-0.0003323746,0.0001143392,-0.2556688,-0.6377152,-9.846713
24708621,0.0007045914,6.645318e-05,0.000162557,-0.2561297,-0.6324891,-9.836348
24728185,0.0008641783,8.854039e-05,-5.620757e-06,-0.2537878,-0.6479039,-9.832972
24748214,0.0007364962,0.0001771371,6.607313e-05,-0.249776,-0.6645495,-9.835285
24768159,0.0007157233,0.0006885089,3.663452e-05,-0.247874,-0.674827,-9.843071
24788167,0.0009405855,0.0005905953,0.0001735193,-0.2560918,-0.6666437,-9.840951
24808611,0.0008143655,0.0003418419,9.795124e-05,-0.2622261,-0.6593302,-9.828337
24828350,0.0003284408,0.0004750095,8.082006e-05,-0.2650436,-0.6623991,-9.818638
24848202,0.0002700249,0.0001845408,0.000178233,-0.2716262,-0.6591698,-9.837623
24868182,0.0002103615,-0.0001805683,0.0004570727,-0.2687875,-0.6474644,-9.837494
24888177,0.0003236584,-0.0006627817,0.0003813312,-0.2600705,-0.6663612,-9.836062
24908566,0.0004749348,-0.0008920634,0.0003857577,-0.2584576,-0.6803241,-9.836126
24928156,0.0006318357,-0.0005060266,0.0001427383,-0.2585354,-0.668726,-9.834403
24948205,0.0009554335,-0.0002833693,-0.0001195436,-0.2613676,-0.6678928,-9.838723
24968180,0.001168275,-0.000132975,-0.0001456535,-0.2643779,-0.6661339,-9.836023
24988386,0.001263886,4.991588e-05,-0.0002575415,-0.2666475,-0.6732641,-9.839112
25008615,0.001184953,0.0003536224,-0.0002970437,-0.2614774,-0.6820493,-9.8463
25028178,0.0009400528,0.0006772946,-0.0004290924,-0.2623153,-0.6679167,-9.839934
25048225,0.0006920079,0.0008699594,-0.0003467444,-0.2671795,-0.6559563,-9.83781
25068175,0.0006319898,0.0006824839,-0.0003009671,-0.2646261,-0.6613635,-9.843755
25088175,0.000892473,0.0003946574,-0.0004412729,-0.2649123,-0.6604381,-9.836857
25108548,0.000926638,0.0005400286,-0.0006501125,-0.2650691,-0.675025,-9.832111
25128216,0.0006874275,0.0006965579,-0.0005209486,-0.2598776,-0.6799474,-9.827548
25148431,0.0006483879,0.0003462378,-0.0003667971,-0.2494744,-0.6634787,-9.843329
25168186,0.0003430282,-0.0004709894,-0.0001223381,-0.2543214,-0.6531886,-9.838827
25188181,-5.485659e-06,-0.0006924226,-3.053942e-05,-0.2546969,-0.6587591,-9.837619
25208564,-9.78304e-05,-0.0005043855,0.000114531,-0.2477137,-0.6706544,-9.844774
25228147,6.296954e-05,-2.78313e-05,9.567603e-05,-0.2491337,-0.6789299,-9.839371
25248219,0.0003361189,-6.369175e-05,0.0001142958,-0.2593908,-0.6762844,-9.830243
25268192,0.0006320283,-0.0006436192,-2.363587e-05,-0.2574898,-0.6635697,-9.836302
25288146,0.0005059037,-0.0005801427,-4.569722e-05,-0.2587909,-0.662236,-9.838213
25308830,0.0006217909,-0.0003269603,-9.405762e-05,-0.2596546,-0.6712394,-9.854182
25328166,0.0007971897,-0.0002986303,0.0001039873,-0.2499005,-0.6608744,-9.844452
25348220,0.000783204,-5.421198e-05,5.381755e-05,-0.2635102,-0.6677483,-9.837742
25368165,0.0009496582,-0.0001783466,8.376918e-05,-0.2667603,-0.6744718,-9.849984
25388194,0.001016623,-0.0002135706,0.000248178,-0.263638,-0.6766428,-9.857285
25408553,0.0007675047,6.90143e-05,0.0002628149,-0.2553328,-0.6685486,-9.849339
25428109,0.0004388582,0.0002915525,0.0002922766,-0.2531833,-0.6575153,-9.841796
25448176,0.0005513881,-0.0001784419,0.0003375363,-0.2565143,-0.6554317,-9.848834
25468390,0.00100917,-0.0003236984,0.0001703521,-0.266071,-0.6410581,-9.848534
25488208,0.0009942763,0.0004174454,9.926246e-05,-0.2614784,-0.6271215,-9.837753
25508562,0.001015664,0.0007047013,4.370152e-05,-0.2651871,-0.6455268,-9.840468
25528130,0.0009539952,0.0006795404,0.0001338809,-0.2629299,-0.6577032,-9.835834
25548203,0.0009037611,0.0003818975,0.0001171183,-0.2457334,-0.6410984,-9.840915
25568187,0.0009530153,0.0002821165,-5.323982e-05,-0.2552131,-0.6452962,-9.835867
25588167,0.001153437,7.703261e-05,-0.0001780973,-0.2610821,-0.6081699,-9.853864
25608553,0.001041177,-0.0007112687,-4.758815e-05,-0.2599474,-0.5927582,-9.843019
25628365,0.0007227222,-0.001163821,-5.015002e-06,-0.2633592,-0.6050389,-9.839229
25648216,0.0009795666,-0.001367799,-0.0001404235,-0.262009,-0.6101214,-9.851598
25668213,0.0009210095,-0.001273041,-0.0002396313,-0.2487696,-0.5905274,-9.830077
25688131,0.000957914,-0.001115084,-0.0005331601,-0.2453395,-0.589236,-9.839355
25708522,0.0008224843,-0.000697651,-0.0009106567,-0.2648269,-0.6098702,-9.847712
25728182,0.0008880167,-0.0001945432,-0.001072321,-0.2745271,-0.6385757,-9.84681
25748207,0.00107505,-3.700846e-05,-0.0009030978,-0.2751347,-0.6591359,-9.836489
25768194,0.001359435,0.0001556001,-0.0002441922,-0.2792223,-0.6633878,-9.818457
25788381,0.001592784,0.0002900675,0.0006749633,-0.2560687,-0.6450676,-9.8334
25808544,0.001773003,0.0003175966,0.001119299,-0.2370565,-0.6196067,-9.835746
25828177,0.001280719,0.0005366421,0.000609531,-0.2512007,-0.6292557,-9.826031
25848239,0.0006985773,0.0006678638,1.218476e-05,-0.2693301,-0.6561399,-9.818512
25868200,0.0004136235,0.0007100394,-8.112712e-05,-0.2655529,-0.6717411,-9.827666
25888178,0.0001592081,0.0007733282,0.0002527589,-0.2504762,-0.6698821,-9.836752
25908580,-3.88792e-05,0.001345481,0.0001852816,-0.2362444,-0.6502252,-9.834102
25928182,-0.0002016703,0.001517074,0.0001069509,-0.2344987,-0.6608058,-9.819629
25948430,-0.0001626709,0.001478917,7.247245e-06,-0.2579573,-0.6643481,-9.820929
25968186,-0.0001277947,0.001046162,0.0001619183,-0.2726489,-0.6603144,-9.825526
25988179,7.359527e-06,0.0009102104,0.0005745362,-0.262468,-0.6710838,-9.818412
26008562,0.0002248115,0.0006148465,0.0009727441,-0.255554,-0.650708,-9.83223
26028161,0.0006704505,-2.501261e-05,0.001088573,-0.2470869,-0.6336471,-9.825608
26048231,0.0009595958,-0.0002192817,0.001000218,-0.2594054,-0.6285804,-9.828945
26068189,0.000695677,0.0001126422,0.00084184,-0.2636281,-0.6251888,-9.833464
26088181,0.0005080248,-2.860901e-05,0.000695821,-0.2569657,-0.6240838,-9.82408
26108856,0.0006779129,-0.0007036112,0.0002594363,-0.2490588,-0.6366221,-9.83163
26128188,0.0009878051,-0.0006066945,-0.0001154565,-0.2506368,-0.636937,-9.828004
26148218,0.0008790719,6.886681e-05,-3.288002e-05,-0.2622159,-0.6545772,-9.816617
26168157,0.0008196367,0.0005361662,0.0003480635,-0.2559151,-0.6725466,-9.822674
26188171,0.0009278825,0.0002817125,0.0006180573,-0.2456409,-0.6775861,-9.828377
26208645,0.001270637,1.120517e-05,0.0003594723,-0.2377619,-0.6685339,-9.830416
26228138,0.001492562,0.0002451057,-0.0001987832,-0.2477719,-0.6763942,-9.831829
26248221,0.001722411,-7.032037e-05,-0.0006480443,-0.2548609,-0.6749541,-9.836218
26268345,0.001762036,-0.0003635735,-0.0008799048,-0.2519845,-0.6767433,-9.838896
26288184,0.001791885,-0.0007384891,-0.0009169437,-0.2602565,-0.6843783,-9.827803
26308553,0.00190655,-0.001050127,-0.0002685499,-0.2680701,-0.6873162,-9.828463
26328132,0.0017506,-0.0009809936,0.0009321687,-0.241167,-0.6634654,-9.838384
26348221,0.001392046,-0.00038667,0.001383916,-0.2154747,-0.6450981,-9.83791
26368216,0.00104327,0.0001357148,0.00105047,-0.2618204,-0.6763818,-9.834085
26388146,0.0008128915,5.276148e-05,0.001029209,-0.2971987,-0.6968446,-9.833569
26408546,0.0007666636,-4.743319e-05,0.001020471,-0.2543475,-0.6624553,-9.840054
26428368,0.001073781,-0.0003858603,0.0003073527,-0.2381232,-0.6552495,-9.841679
26448235,0.001392314,-0.0005062763,-0.0004652586,-0.2629495,-0.6835395,-9.827024
26468173,0.001563002,-0.0002652806,-0.0006193305,-0.2622435,-0.683281,-9.82652
26488154,0.001548192,-0.0001065767,-0.0005193634,-0.2544304,-0.6668,-9.837522
26508546,0.001603688,-4.772735e-06,-0.0006230361,-0.2460742,-0.6658641,-9.845234
26528190,0.001422226,-0.0002008439,-0.001118833,-0.2487879,-0.6667117,-9.84098
26548280,0.001460138,-0.0007508042,-0.001676196,-0.2770269,-0.6823894,-9.833613
26568187,0.001265026,-0.0005832596,-0.0009871053,-0.2909,-0.7054692,-9.828059
26588387,0.001383671,-0.0003252223,0.0005984769,-0.2555699,-0.6798556,-9.843005
26608634,0.00114043,5.653915e-06,0.001365026,-0.2111669,-0.6365378,-9.846099
26628126,0.00116838,-3.808307e-05,0.0008704558,-0.2380899,-0.6441026,-9.827535
26648192,0.001186118,-0.0001891133,0.0002425093,-0.2788027,-0.6825683,-9.828136
26668178,0.001524413,-0.000119111,0.0004395588,-0.2845421,-0.6890326,-9.83848
26688175,0.001557087,0.0005734832,0.001056692,-0.2457638,-0.666938,-9.848524
26708570,0.001636182,0.0004874726,0.0008143957,-0.2237446,-0.6557234,-9.840892
26728181,0.001765313,-4.361799e-05,2.745086e-05,-0.248682,-0.6679837,-9.831111
26748441,0.001636023,-0.000859798,-0.0007843639,-0.2632363,-0.6799215,-9.829354
26768183,0.001499294,-0.001195967,-0.0009775149,-0.2649953,-0.6889622,-9.835343
26788193,0.001199318,-0.0008974825,-0.0007305698,-0.2434582,-0.6755423,-9.837008
26808575,0.0009006493,-0.0003307595,-0.0006325584,-0.2339724,-0.6577833,-9.834411
26828124,0.0007247655,6.617669e-05,-0.001013631,-0.2436172,-0.6578028,-9.833274
26848214,0.0006934532,0.0001999208,-0.00136649,-0.2570724,-0.6783382,-9.829609
26868180,0.0008828451,-1.381577e-05,-0.001496402,-0.2678894,-0.689506,-9.835004
26888213,0.00100056,0.0001381159,-0.001174889,-0.2723554,-0.6864783,-9.837366
26908772,0.001250118,0.000624879,-0.0005384435,-0.2562748,-0.6786877,-9.831464
26928174,0.001266154,0.0007622249,-0.0002003535,-0.2512926,-0.6707259,-9.836788
26948202,0.001295594,0.0006421924,-5.452443e-05,-0.250084,-0.6734859,-9.830226
26968104,0.001620347,5.832714e-05,-0.0001446789,-0.2416509,-0.6743081,-9.824842
26988155,0.002149814,-0.001200479,-0.0002047938,-0.249931,-0.661068,-9.836813
27008544,0.0004290562,-0.0006197757,-0.000279019,-0.2604136,-0.6729456,-9.842284
27028185,-0.0003589234,-0.0002449128,-0.0001219237,-0.271253,-0.6844195,-9.845405
27048218,-0.001068698,0.0007610979,0.0002169309,-0.2689997,-0.6691531,-9.83994
27068390,-0.001578608,0.001386586,0.0006162821,-0.246732,-0.6669818,-9.822006
27088189,-0.0001537439,-0.0001114035,0.0006560997,-0.2402926,-0.6473641,-9.822778
27108548,0.0003399338,-0.0002752862,0.000213067,-0.2616805,-0.6574965,-9.866522
27128201,-0.000299934,0.0009025661,-0.0001225896,-0.2582304,-0.672023,-9.837893
27148257,0.002520881,-0.0009930885,-0.00045526,-0.2382661,-0.6688989,-9.799727
27168178,0.006585998,-0.004897638,-0.000757874,-0.2647387,-0.6825827,-9.89217
27188182,0.005228629,-0.004024046,-0.001130475,-0.2530185,-0.6386203,-9.867217
27208563,0.007523285,-0.00509231,-0.002198504,-0.2402095,-0.6410672,-9.815639
27228397,0.0088867,-0.005235795,-0.002845186,-0.2633447,-0.7001386,-9.835942
27248215,0.007719744,-0.004177147,-0.002532823,-0.2586175,-0.7051807,-9.806762
27268201,0.006246589,-0.003045205,-0.001750358,-0.2402261,-0.6673305,-9.822969
27288212,0.004796928,-0.002205296,-0.001550708,-0.2267472,-0.6508791,-9.849639
27308539,0.002989676,-0.0008134785,-0.002149479,-0.2483474,-0.663442,-9.828034
27328184,0.002822222,-0.0004575574,-0.002541646,-0.3036248,-0.6836401,-9.813285
27348214,0.003602189,-0.001121711,-0.002001749,-0.3050649,-0.7002845,-9.823349
27368177,0.003077236,-0.0009850386,-0.0007855952,-0.2422053,-0.6540974,-9.831798
27388414,0.003316098,-0.001894235,-0.0001503578,-0.20773,-0.6216958,-9.84069
27408636,0.004663413,-0.00357159,-0.0006589434,-0.240081,-0.6531569,-9.830029
27428167,0.00566344,-0.005015411,-0.001489965,-0.2892581,-0.6941594,-9.826838
27448256,0.008175825,-0.00673519,-0.001159657,-0.2951366,-0.682767,-9.81985
27468148,0.01632446,-0.01136108,-0.0007368073,-0.3724421,-0.6884266,-10.05735
27488195,0.01577874,-0.009140411,-0.0002647034,-0.2935851,-0.5722914,-9.845736
27508548,0.01190397,-0.005913545,-0.0009999367,-0.2817251,-0.624288,-9.871089
27528226,0.00618517,-0.001576935,-0.001906759,-0.3082619,-0.6861022,-9.835575
27548416,-3.735457e-05,0.002665222,-0.001366401,-0.3224236,-0.7187364,-9.837698
27568180,-0.00640463,0.007464074,0.0004861503,-0.2711194,-0.6837904,-9.821562
27588186,-0.0105443,0.01046665,0.002258715,-0.2348948,-0.6503646,-9.834758
27608542,-0.01183974,0.01087109,0.00305845,-0.2116344,-0.6290535,-9.813402
27628173,-0.008653913,0.007240139,0.002536349,-0.2430158,-0.646771,-9.833975
27648251,0.001027658,-0.00173083,0.001223807,-0.3018112,-0.6597263,-9.84069
27668153,0.0004945563,-0.001458458,0.0004730224,-0.3112335,-0.6848657,-9.874734
27688175,0.001918452,-0.002024129,0.0004933907,-0.2768348,-0.6846157,-9.825815
27708857,0.001485962,-0.0009318496,0.001052362,-0.2460453,-0.6772714,-9.81606
27728184,0.002099598,-0.001302406,0.00118532,-0.2494286,-0.6818811,-9.843689
27748232,0.002279804,-0.001328183,0.000659781,-0.2437542,-0.6903194,-9.83389
27768197,0.002476276,-0.001663252,-0.0001369783,-0.2663736,-0.6977413,-9.834434
27788158,0.002421975,-0.00185712,-0.0006634854,-0.2846296,-0.7056485,-9.844775
27808611,0.002568195,-0.002316582,-0.0008201373,-0.2805018,-0.7101116,-9.834232
27828174,0.002554186,-0.002016497,-0.000504577,-0.2702514,-0.7138098,-9.831274
27848227,0.002579936,-0.001684155,0.000301899,-0.2713744,-0.7100412,-9.83235
27868379,0.002515068,-0.001290643,0.001326702,-0.2590646,-0.6998432,-9.831942
