TimeUS,AccX,AccY,AccZ,GyrX,GyrY,GyrZ,VN,VE,VD,V_horiz_m_s,V_3D_m_s,KE_horiz_J,KE_3D_J
23001936,-0.3464278,-0.7123697,-9.839926,0.001350299,0.0009400843,-0.0002490166,-0.02222486,0.06213028,-0.06424289,0.06598572644820999,0.09209378377746297,0.026015843667015547,0.05067555843743936
23021811,-0.3525411,-0.7086002,-9.851413,0.001862682,0.000452319,-0.0001269926,-0.02267901,0.06283496,-0.06444107,0.0668024677147611,0.09281821586050122,0.02666385391437065,0.05147594664327143
23042096,-0.3502098,-0.7094875,-9.857529,0.002031975,0.0002323043,-7.799015e-05,-0.02291551,0.06344985,-0.06425741,0.06746113002005377,0.09316661850411177,0.027192249279906034,0.051863112350856944
23061741,-0.342777,-0.7142724,-9.850798,0.002102088,-3.677863e-06,-1.108089e-05,-0.02298685,0.06392824,-0.06407733,0.06793537474997911,0.09338693357396954,0.027575910475960093,0.05210868819003528
23082006,-0.3390948,-0.7198899,-9.836101,0.001774692,-0.0003095488,0.0002849013,-0.02317433,0.06427239,-0.06380052,0.0683226879393734,0.09347992318958868,0.027891238381384475,0.05221251383620011
23101745,-0.3425194,-0.7201212,-9.829254,0.001472091,-0.0005744724,0.0004804446,-0.02325641,0.0648051,-0.06342807,0.06885173630416375,0.09361453763183901,0.028324855512786146,0.05236299789473743
23121765,-0.3413114,-0.7160869,-9.818264,0.001256309,-0.0009319559,0.0005026236,-0.02338492,0.06537652,-0.06259656,0.06943301700716165,0.09348407979196457,0.028805139508032866,0.05221715721793863
23142131,-0.34435,-0.7169522,-9.819784,0.001031255,-0.0009219725,0.000371717,-0.02383071,0.06586545,-0.06231193,0.07004398791335771,0.09374932993430674,0.02931430745076944,0.052513897757210715
23161772,-0.35012,-0.7129953,-9.838491,0.000866225,-0.0007388676,0.0004158389,-0.02414863,0.06646733,-0.06245822,0.07071818923166656,0.09435089577621508,0.029881347172029657,0.05318999691430085
23181784,-0.3507865,-0.714837,-9.848371,0.000738391,-0.0008683905,0.0003404572,-0.02438998,0.06703336,-0.06256813,0.07133261860670755,0.09488473728154018,0.030402846301807746,0.05379360237969673
23201730,-0.3484229,-0.7156626,-9.854014,0.0006849078,-0.001134136,0.0003745969,-0.02452101,0.06754933,-0.0625975,0.07186231220096526,0.09530287992038332,0.030856046691342273,0.05426876755368603
23221779,-0.3224062,-0.7185279,-9.843735,0.0007110853,-0.0009017015,0.0004643396,-0.02384635,0.06807952,-0.06229059,0.07213507781761173,0.09530785410605466,0.031090729974223578,0.05427443264944848
23242367,-0.3325525,-0.7193514,-9.833215,0.0006947237,-1.00278e-05,0.0004134864,-0.02448301,0.06852449,-0.06202977,0.07276691218143175,0.09561755003488166,0.0316377654628107,0.05462772735117176
23261758,-0.3473255,-0.714469,-9.840046,0.0008593334,0.0005726622,0.0002655099,-0.02456636,0.06920336,-0.06195119,0.07343439983372371,0.09607580872079767,0.03222085119666172,0.055152602102597925
23281778,-0.3410072,-0.7143793,-9.833184,0.00110949,0.001127635,9.545829e-05,-0.02455556,0.06974231,-0.06154172,0.07393892973968247,0.09619952511113608,0.03266511785302196,0.055294733073858404
23301757,-0.344474,-0.7123211,-9.828588,0.001185476,0.001097508,8.841411e-06,-0.02488142,0.07038188,-0.0610885,0.07465047952659647,0.09645983063327863,0.033296847208966016,0.055594381081659774
23321769,-0.3433436,-0.7146887,-9.836364,0.001216932,0.001082197,-7.610434e-05,-0.02508236,0.07092461,-0.0613073,0.07522915051242902,0.0970464328046719,0.033815064893759655,0.0562726104676674
23342157,-0.3444809,-0.7133329,-9.84437,0.001246487,0.001201707,-0.0001161903,-0.02537167,0.07147689,-0.06121048,0.07584634099718325,0.09746481572593979,0.03437218796989948,0.056758857069336116
23361727,-0.3359771,-0.7194257,-9.834835,0.001262954,0.001137854,-0.0002707541,-0.02529165,0.07194809,-0.06068741,0.07626398373000587,0.09746361858087714,0.03475176640586433,0.05675746275760023
23381763,-0.3348099,-0.7185313,-9.827052,0.001238713,0.0008540243,-0.000222142,-0.02540826,0.07248785,-0.06031081,0.07681190060042846,0.09765992973940849,0.03525290674125436,0.056986334713319556
23401938,-0.3428113,-0.71329,-9.826503,0.001438698,0.0006740578,-0.0001333266,-0.02574508,0.07307789,-0.06000149,0.07748023716444408,0.09799676501435443,0.035869043227574546,0.05738011157083964
23421770,-0.3431311,-0.71656,-9.827147,0.001843719,0.0003604876,-1.344603e-05,-0.02593996,0.07367585,-0.05975422,0.07810897770438492,0.098344187453212,0.036453549078194,0.05778768575484919
23442165,-0.3519964,-0.711337,-9.841459,0.002009046,0.0001866156,8.162852e-05,-0.02641538,0.07437423,-0.05995815,0.07892590442077493,0.09911749663939158,0.037220057872107866,0.05870006188685731
23461748,-0.3535494,-0.7129581,-9.852072,0.002018142,-7.285439e-05,7.634243e-05,-0.02665599,0.07497389,-0.06018554,0.07957151490710856,0.09976936007464315,0.037831465258057896,0.0594747031279802
23481772,-0.3409581,-0.7188966,-9.841513,0.001954013,-0.0003288793,9.779401e-05,-0.02679754,0.07535571,-0.05989058,0.0799786920351646,0.09991732958997704,0.03821963229844281,0.05965124969554279
23501742,-0.3431163,-0.7156724,-9.829161,0.001691777,-2.985441e-05,0.0003416062,-0.02711244,0.07605844,-0.0596021,0.08074633550810341,0.10036125259479975,0.038956824920473525,0.06018247660882326
23521769,-0.3411101,-0.7093516,-9.834545,0.001280305,0.0003057624,0.0005986589,-0.02719785,0.0768594,-0.05958273,0.0815296903770798,0.10098114738521938,0.03971636521757043,0.060928222960231496
23542119,-0.3437693,-0.713023,-9.838108,0.001187748,-0.0001233466,0.000832675,-0.02747076,0.07730052,-0.05960953,0.08203665672885506,0.10140665221803202,0.0402118279573068,0.06144277195656167
23561948,-0.3443702,-0.7170053,-9.84778,0.0008672203,-0.0003660608,0.0009210727,-0.02760046,0.07785854,-0.05979957,0.08260591772471994,0.10197904792322833,0.04077183241778062,0.0621383641365854
23581791,-0.3350267,-0.7193898,-9.84586,0.0006113154,-0.0001269469,0.000716367,-0.0277042,0.0783978,-0.05979034,0.08314888900328134,0.10241397609601728,0.041309583011318,0.0626695194362787
23601751,-0.3518648,-0.7138441,-9.837206,0.000715366,8.008866e-05,0.0006467309,-0.02846584,0.07917022,-0.05961691,0.08413220418932336,0.10311354779902639,0.04229241099598015,0.06352861234472004
23621801,-0.3610949,-0.7112616,-9.830261,0.001054471,0.0002994056,0.0004841328,-0.02903731,0.07968952,-0.05940764,0.08481500439112469,0.10355120791297463,0.04298167019495233,0.0640690446449107
23642117,-0.3558576,-0.7113513,-9.828144,0.001746885,0.0001654154,0.000300853,-0.02938162,0.08039724,-0.05879168,0.08559787259880937,0.10384342747937589,0.04377879986581595,0.06443115814821979
23661722,-0.3563486,-0.7064781,-9.828962,0.001984728,5.956709e-05,9.489286e-05,-0.02983071,0.0812208,-0.05890989,0.08652565869003309,0.10467599892791182,0.04473297043017099,0.06546846189054827
23681769,-0.3544265,-0.7118788,-9.823581,0.002090798,0.0003840162,-0.0003030594,-0.03026637,0.08160542,-0.05807719,0.08703733524386705,0.10463487814610098,0.04526359891496096,0.06541703490478017
23701735,-0.3480771,-0.7163311,-9.824624,0.002163388,0.000472164,-0.0004405018,-0.03049661,0.08229441,-0.05806087,0.08776339293088092,0.10523059328872521,0.046021918503972685,0.06616402963928515
23721950,-0.349618,-0.7162741,-9.834718,0.002009245,0.0002860331,-0.0002618122,-0.03091213,0.08285729,-0.05801151,0.08843579754421282,0.10576495440249147,0.046729819466503966,0.06683769783907256
23742142,-0.3454167,-0.7149134,-9.846066,0.002328512,-0.0002541548,-8.528132e-05,-0.03113539,0.08352173,-0.05829735,0.0891363668355683,0.10650761902168078,0.04747311905855387,0.06777964063526329
23761731,-0.346668,-0.7212554,-9.850148,0.002593879,-0.00082674,6.829261e-05,-0.0313747,0.08392336,-0.05807514,0.08959632890793909,0.10677183167764426,0.04796432536883311,0.0681163386378002
23781777,-0.3468084,-0.7179886,-9.841622,0.002449657,-0.0009458982,0.0001944447,-0.03163658,0.08461609,-0.05778707,0.09033690209977593,0.10723852544757131,0.04876051638888239,0.06871310550751217
23801732,-0.3320034,-0.7193973,-9.826873,0.002033583,-0.0005465589,0.0004045083,-0.03133747,0.08511563,-0.05722538,0.09070119897938395,0.10724482091197785,0.049154577290379343,0.06872117338434215
23821758,-0.3325898,-0.7192796,-9.826395,0.001811317,-0.0003660962,0.0003953504,-0.03159048,0.08574859,-0.05711051,0.09138259743309171,0.10776079744544674,0.04989590520387053,0.06938402705981964
23842132,-0.3371649,-0.7194989,-9.843971,0.001890578,-0.0004729848,0.0002909168,-0.03154214,0.0862463,-0.05715344,0.0918331686237037,0.10816582900021245,0.05038915188533085,0.06990658321573662
23861756,-0.257021,-0.6793263,-9.959663,0.005106604,5.775833e-05,0.00262131,-0.02655833,0.08634686,-0.06296685,0.09033894577782331,0.11011788829781927,0.048762722617384784,0.07245254720594672
23881984,0.3075251,-0.9193717,-9.826292,0.02586835,0.006291623,0.03901504,-0.0004522401,0.0818003,-0.04090139,0.08180155011488505,0.09145718837319541,0.039981674267158346,0.049977393398152645
23901755,1.037185,-0.3241622,-9.644953,0.03592299,0.01331242,0.1106396,0.02762335,0.1058503,-0.0484556,0.10939531742863813,0.11964648196529849,0.07150482946499218,0.08553380186386816
23921759,1.318591,0.1994413,-10.05342,0.03369664,0.0163449,0.1690675,0.06398611,0.1539489,-0.08308962,0.16671678405050314,0.18627498768188525,0.16607205435274902,0.20732276693942184
23942101,0.6623954,0.1230337,-9.93525,0.03415342,0.01367238,0.1925794,0.062659,0.1334253,-0.03741923,0.14740576976865594,0.1520810959155769,0.12982755424251274,0.13819374191592532
23961700,0.338493,-0.3300763,-9.836839,0.0241845,0.01198102,0.2204468,0.0936067,0.152188,-0.0783662,0.17867121096833144,0.19510167331760636,0.19074232473261774,0.2274363610146967
23981761,1.408533,-0.8471352,-10.36211,-0.007360267,-0.003375082,0.273201,0.1360665,0.1471354,-0.07747797,0.20040688200610776,0.21486217487201162,0.23997343717357472,0.27584038128961713
24001736,1.586981,-0.8658487,-9.190397,-0.02848618,-0.01488506,0.309278,0.1863638,0.140431,-0.04684776,0.2333502340076821,0.23800639556208902,0.32535268197585393,0.33846608986253407
24021765,1.418571,-1.08512,-9.845771,-0.0244491,-0.01199598,0.2955998,0.2077879,0.147469,-0.06302102,0.25479975931584,0.2624777444075028,0.3879144311507746,0.411645033697771
24042408,0.8835659,-0.9144422,-9.792138,-0.01128882,0.004498573,0.2425052,0.2282214,0.1387874,-0.07608639,0.2671084982113448,0.2777338448226145,0.4262980251549019,0.4608881291457138
24061728,0.7271144,-1.271286,-9.965983,0.008539223,0.0108255,0.1814465,0.2420199,0.1393668,-0.05382156,0.2792789589966455,0.28441782162706264,0.4660305032060437,0.4833386461230246
24081773,0.6903951,-1.080702,-9.804795,0.02076885,0.02128511,0.1357229,0.2677042,0.1356443,-0.06307029,0.3001081718649627,0.3066639468552084,0.5381378660502766,0.5619055883973642
24101747,0.7610321,-1.006515,-10.12093,0.03126562,0.02749091,0.1015168,0.2822459,0.1051851,-0.04868597,0.30120865413998316,0.3051179722724653,0.5420917536396994,0.5562544375968739
24121743,0.8353386,-0.636648,-10.39896,0.01544708,0.02396931,0.07476756,0.3153876,0.1550564,-0.08095942,0.3514424923294279,0.36064699236435677,0.737983156852952,0.777145862281202
24142139,0.583917,-0.2411154,-9.234953,0.01710276,0.01824558,0.05038426,0.3219418,0.1544254,-0.04094556,0.3570626370154122,0.3594026511256054,0.7617750173455899,0.7717923371757788
24161727,0.7616487,-0.5474237,-10.35039,0.02915437,0.01556048,0.03203556,0.3538832,0.16298,-0.08398832,0.3896098043456299,0.398559703857104,0.9069799028623841,0.949127779293508
24181776,0.5120211,-0.6448318,-9.558852,0.01244186,0.007107917,0.01882148,0.3707171,0.1672265,-0.05178074,0.4066889112511675,0.40997209120817923,0.9882403264445935,1.0042607655284055
24201935,0.456241,-0.7404198,-10.26273,0.01457218,-0.0007026042,0.007110851,0.3689557,0.1684669,-0.05590995,0.4055975899313259,0.40943293402839803,0.9829436946246475,1.0016210816159377
24221784,0.6118402,-1.111477,-10.12254,-0.003565924,-0.01041156,0.01358027,0.4202567,0.1552803,-0.09610131,0.4480264115685369,0.45821733625725697,1.1993478011413055,1.254529685299009
24242152,1.091686,-0.6346071,-9.82755,-0.022474,-0.01783703,0.03476799,0.432237,0.1511532,-0.03128816,0.4579040445761972,0.45897174531274315,1.252814781384459,1.2586640013976678
24261740,0.756086,-0.4306585,-9.597011,-0.002871818,-0.0043878,0.05488329,0.4430979,0.1818197,-0.06042061,0.47895109592994983,0.4827471412709474,1.3706300599476875,1.3924426943715005
24281784,0.8570523,-0.9555442,-9.979765,0.002957395,0.003332418,0.07145483,0.4767372,0.1785302,-0.05439914,0.5090691408599426,0.5119674370588618,1.5484295563008832,1.5661111732365023
24301692,0.9871895,-0.1449794,-10.71502,-0.003915091,0.005317454,0.07372196,0.5180105,0.1810357,-0.09969215,0.5487338177884976,0.5577161711447521,1.7991250966388221,1.8585077821492655
24321755,0.6206628,-0.8806152,-9.614095,-0.0110195,-0.01105681,0.06029175,0.5221087,0.1632825,-0.02817607,0.5470453997813527,0.5477705362125503,1.7880705497960914,1.7928140480469448
24342162,0.8318123,-0.4665104,-9.240595,-0.02258163,-0.009576307,0.04307327,0.5640384,0.1977857,-0.07969891,0.5977110504240741,0.6030011741731837,2.1346195362993243,2.172572235924073
24361926,0.9403512,-0.7612918,-10.01405,-0.0183659,-0.01027652,0.03053553,0.559287,0.2219443,-0.07131526,0.6017152322083014,0.6059266349817918,2.1633157935121528,2.193703844707636
24381771,0.7735988,-0.4627373,-10.00046,-0.009728393,-0.009513672,0.01811757,0.6031836,0.1988282,-0.04398192,0.6351087374805987,0.6366298121444569,2.4100945728345953,2.4216526683237416
24401702,0.6066202,-0.6763971,-9.539859,0.01857073,-0.005246059,0.01197316,0.6054665,0.1853627,-0.03650765,0.6332053483456532,0.6342569051118502,2.3956703537119015,2.4036338845503233
24421753,0.0428837,-0.7693403,-9.932355,0.02115271,-0.0004489557,0.02457034,0.6367768,0.2005983,-0.08071905,0.667625921441888,0.6724878705330175,2.6632031166122516,2.7021336176838444
24442103,0.2002711,-0.4889436,-10.41446,0.02357796,-0.0002738445,0.04279928,0.6301188,0.2238872,-0.08182925,0.6687115824010229,0.6736996412295635,2.671871703112748,2.711880459392234
24461721,0.1838865,-0.6628237,-9.987104,0.03312139,-0.001350706,0.05869775,0.6406484,0.2319991,-0.08413882,0.6813618383967288,0.6865371773286297,2.7739173800696357,2.8162164427298153
24481866,0.3058447,-0.6380253,-9.983527,0.03273742,0.001662759,0.07262207,0.6668739,0.2236529,-0.06844281,0.7033785738701599,0.7067006696051137,2.956079973623229,2.9840693726113883
24501734,0.4694645,-0.4142788,-9.776252,0.02120847,0.004246341,0.08628625,0.6787029,0.230117,-0.07820237,0.7166529565678286,0.7209071166461231,3.0687089744405243,3.1052497482153854
24521948,0.9647286,-1.075732,-10.50691,0.01683604,-0.00259963,0.09529417,0.7065515,0.2046638,-0.06591473,0.7355965559888722,0.7385438679006568,3.233086201766573,3.259046092761636
24542137,0.6689956,-0.02025446,-9.021935,-0.0350801,-0.003225261,0.09470177,0.7374753,0.2540139,-0.0902596,0.7799954355656833,0.7852004042889051,3.635147455032217,3.683824557500374
24561742,1.333773,-0.04199687,-10.30075,-0.03600381,-0.0001678523,0.06778985,0.7502979,0.2736153,-0.06555013,0.7986314989646351,0.8013170974598738,3.8109283200525375,3.836601816822063
24581753,0.6910141,-0.1042604,-9.57707,-0.02288473,0.0006186404,0.02451772,0.7849717,0.2775506,-0.09611066,0.8325952830524864,0.8381241938560691,4.141959059533468,4.197151681853141
24601719,0.5990284,-1.191607,-10.51006,-0.01045297,-0.01976454,-0.003760467,0.7892926,0.2514175,-0.06200926,0.8283680146655893,0.8306856902864992,4.100006567133034,4.122981328379376
24621774,0.8613371,-0.8786133,-9.482015,-0.0134579,-0.02753965,-0.0165692,0.8182631,0.2767471,-0.06941026,0.8637959586499696,0.8665801996199126,4.4582071626256194,4.486993423180393
24642111,0.7353843,-0.7068182,-10.34402,0.003590931,-0.0276859,-0.02733722,0.8237236,0.2616345,-0.1129273,0.8642761021729167,0.8716224847217401,4.46316475520358,4.539361391338187
24661733,0.4436806,-0.6404358,-10.89241,0.003696493,-0.029041,-0.01536992,0.8584862,0.2623431,-0.08918343,0.8976761429981583,0.9020954172894433,4.814789184805599,4.862312447820324
24681996,0.6467926,-0.614863,-9.843406,-0.01354273,-0.03624629,0.01488389,0.8958026,0.2839589,-0.0832736,0.9397313206741436,0.9434137202272023,5.27649235645942,5.317925948889755
24701715,0.6045576,-1.039687,-8.454676,-0.01716713,-0.03367688,0.05113754,0.9195353,0.2544739,-0.06771421,0.954097549377054,0.9564974375100145,5.439055249020618,5.466451904080264
24721753,0.4980662,-0.4856451,-10.55288,-0.004395707,-0.005464808,0.08927053,0.9159159,0.2929453,-0.07714303,0.9616230470745281,0.9647123569968827,5.525195335872778,5.560752842161324
24742158,0.6604025,-0.938633,-10.35542,0.04349684,0.026207,0.1259487,0.9436404,0.2698151,-0.1049807,0.981456770673151,0.9870553885535807,5.755462921383516,5.821313081934144
24761726,0.6613576,-0.4257155,-10.13778,0.04022133,0.0486301,0.1669465,0.9625944,0.3034043,-0.07773187,1.0092780331354934,1.0122669567774831,6.086386835314854,6.122489240906692
24781774,1.417989,-0.4887316,-10.70611,0.04382966,0.04836256,0.2018843,0.9908713,0.2920151,-0.07950052,1.0330047201207262,1.0360594019996974,6.375915041955406,6.413679029720023
24801745,1.122383,0.3682129,-9.256382,0.0203642,0.039473,0.2185558,1.037514,0.341916,-0.09777443,1.0924018725963445,1.0967687497434566,7.1302175612307,7.1873376002226035
24821772,1.516136,0.1705475,-11.13159,0.01091608,0.0382953,0.2173441,1.048211,0.3582834,-0.1022744,1.1077514591444058,1.1124627401094924,7.332001939038445,7.394500755088222
24842353,1.193731,-0.5618527,-9.189108,-0.002334468,0.02590486,0.1935638,1.083083,0.3385357,-0.04156683,1.134757773740057,1.1355188269772276,7.693859350254354,7.7041829633579395
24861742,1.064053,-0.06633573,-9.491484,-0.00770192,0.03561735,0.1625941,1.11648,0.3720203,-0.1006453,1.1768290844519818,1.1811249596990911,8.274936996722236,8.335460618284472
24881786,0.7928746,-0.832007,-10.22463,-0.00269304,0.03311738,0.1304659,1.121161,0.3500406,-0.07967358,1.174534124480579,1.1772333196607105,8.242694197176926,8.280622776293276
24901736,0.5831525,-0.3571211,-10.42383,0.01122637,0.03115372,0.100275,1.148095,0.3515363,-0.08585302,1.200708082442477,1.2037735004085324,8.614156897975072,8.65819707570772
24921765,0.4827531,-0.7521693,-9.819668,0.01351375,0.03299168,0.1009784,1.168403,0.3748245,-0.1126523,1.2270529638973413,1.232213259506868,8.996312382850268,9.072138363504626
24942168,0.7722051,-0.404094,-10.18396,0.02256893,0.02855104,0.1314382,1.182579,0.3850498,-0.07459485,1.2436866324444595,1.2459216794676793,9.241869727333215,9.275116967421186
24961712,0.07327933,-1.317226,-9.359599,0.02548987,0.02093069,0.1795705,1.201383,0.3803177,-0.09004956,1.260143906711567,1.2633572688984236,9.488076927093184,9.53652774354894
24981812,0.9298886,-0.3207378,-10.6783,0.002718687,0.03054295,0.2584892,1.245918,0.4070167,-0.1083015,1.3107151699751134,1.3151819158219673,10.26489618439727,10.334978243438213
25001963,1.118188,-0.6838414,-9.124952,0.01537667,0.02464244,0.3491983,1.255885,0.4007033,-0.0606276,1.3182603186988107,1.3196537325138173,10.38341635043894,10.405378693082458
25021757,1.530397,0.4654021,-10.80986,0.03717213,0.02901843,0.419195,1.281284,0.4428624,-0.1216203,1.3556606485362626,1.361105172777567,10.980949369088817,11.069328565887057
25042135,1.31974,-0.07477055,-9.300273,0.05674548,0.01619985,0.4502084,1.307365,0.4441034,-0.0595317,1.3807356999500522,1.3820184862806468,11.390925661871448,11.412101201118166
25061721,1.174464,0.769737,-10.63286,0.03734701,0.00800785,0.4463577,1.351532,0.564625,-0.172122,1.4647321043962271,1.4748105371650286,12.819004822452774,12.996020070184676
25081781,0.9924669,-0.3062002,-9.782475,0.05167359,0.0133023,0.4173115,1.379018,0.5005607,-0.1043334,1.4670554381851049,1.4707607273326448,12.859703660783229,12.924744274457701
25101747,0.7653933,0.08853652,-10.24682,0.03168981,0.02306372,0.3744563,1.369364,0.5411147,-0.1293935,1.472400381367816,1.478074951040826,12.953578226236235,13.053615726343683
25121787,0.7739483,-0.2614353,-9.438459,0.02354681,0.03505313,0.3368855,1.39029,0.559736,-0.08160369,1.4987363590024765,1.500956307164741,13.4211087759311,13.460897270205257
25142110,0.5672024,-0.1215123,-9.21909,0.0273606,0.0406803,0.2938536,1.420871,0.5821689,-0.002954212,1.5355113242070897,1.535514166048868,14.087825284940054,14.087877430967083
25161944,0.6758123,0.008150389,-10.10062,0.03038206,0.02661743,0.2633826,1.426098,0.5884763,-0.06178159,1.5427442630798178,1.54398083735797,14.220857671062499,14.243664036118492
25181762,0.902563,0.03760066,-10.13486,0.04422603,0.01393389,0.2381287,1.446776,0.5905342,-0.08508692,1.5626552516616197,1.564970037892332,14.590301327385198,14.633559036516843
25201736,0.449469,-0.5701388,-9.863832,0.007608204,0.0004049355,0.2367981,1.45173,0.6110148,-0.09642392,1.5750743089514982,1.5780230198153657,14.823132995346263,14.878685990126558
25221784,0.575617,-0.4086227,-10.39382,-0.02355026,-0.002623678,0.2748257,1.476463,0.6105071,-0.08024339,1.5977052010678974,1.5997190100633618,15.252154909378476,15.29062794416966
25242146,0.3263859,-0.7274846,-9.307697,-0.02620286,-0.01242064,0.3226692,1.493264,0.645794,-0.09468226,1.626925709469243,1.6296784942100413,15.815151403188699,15.868715667081977
25261712,1.046562,0.1801009,-10.93983,-0.02358175,-0.01160894,0.3925385,1.541398,0.6849484,-0.1352309,1.6867311893323607,1.6921434635932529,16.999246077772693,17.108513270753686
25281778,1.158772,-0.7461135,-9.662685,0.0003284685,-0.03632116,0.4879009,1.551924,0.6615756,-0.06272802,1.6870537561949117,1.6882195297959564,17.00574849834088,17.029258955187267
25301782,1.628261,0.7251475,-9.692841,-0.02264591,-0.03982864,0.5621096,1.603554,0.7267398,-0.09595177,1.7605499617506002,1.7631627576563011,18.519728602724737,18.57473888716738
25321979,1.725106,-0.4905601,-9.613334,0.009146716,-0.04665461,0.5745768,1.634703,0.7131507,-0.07362577,1.7834903473580928,1.7850094042126452,19.005505969238953,19.037894974437304
25342082,1.235758,0.6938645,-9.222969,-0.01448752,-0.03760309,0.5328687,1.642123,0.8266619,-0.104952,1.8384607268148563,1.8414539815984026,20.195128618142643,20.26094277890904
25361759,1.784472,-0.6031867,-9.903468,0.01175402,-0.02717251,0.4638343,1.70628,0.7815275,-0.06095031,1.876746299225404,1.8777357673393096,21.045005613146092,21.06720238137344
25381785,2.013005,0.4374097,-10.98993,0.01064528,-0.01845775,0.3751637,1.747725,0.7857853,-0.09175984,1.916246647308506,1.918442358153592,21.94020724959351,21.990515962308542
25401745,1.707237,0.1064022,-10.43106,0.004188229,-0.04670271,0.2883272,1.761129,0.8415198,-0.03472206,1.9518532036075458,1.952162019373311,22.76314229738741,22.770345885555006
25421745,1.424769,0.8029681,-8.594552,-0.00228783,-0.03501321,0.2146252,1.795307,0.9238449,-0.05907158,2.0190633034912526,2.019927244993915,24.357784325442434,24.378633798535528
25442089,2.720264,0.003353475,-9.790679,0.02369288,-0.0009813895,0.154979,1.868686,0.9286419,-0.06323728,2.0867110832675446,2.0876690586904356,26.017319791563864,26.041213539215118
25461678,1.889783,0.3722932,-10.35462,0.007503668,0.02045197,0.1039495,1.846607,0.9729695,-0.05472506,2.0872534729589627,2.0879707595105956,26.030846685766022,26.048740808113237
25481971,1.049361,-0.9287409,-11.42778,0.03992609,0.03478304,0.05958519,1.931863,0.9199017,-0.1526456,2.139699462174978,2.145137400641565,27.355424885880545,27.494646444096716
25501733,0.4226352,-0.9702556,-8.429125,0.01143027,0.04385696,0.02505342,1.932001,0.9821803,-0.1349332,2.16732692635631,2.171523192179013,28.066403384111812,28.175190020673696
25521749,1.581908,-0.5683025,-10.50133,-0.01286485,0.04889388,-0.002389204,1.986504,1.001206,-0.09273653,2.2245475037526172,2.2264796564191736,29.5679542888007,29.619339671179436
25542079,1.267543,-0.6801441,-9.941324,-0.002118968,0.02625154,-0.0412342,1.995482,0.9747373,-0.06843488,2.2208244451859067,2.22187860810079,29.469065767603357,29.497048681087023
25561724,0.8758356,-0.2380314,-10.58305,-0.0002547711,0.01787931,-0.08461775,2.034806,1.004896,-0.1230367,2.2694165392126675,2.272749317016483,30.772752285000703,30.863202011543365
25581776,0.6648424,-0.7494841,-9.803184,-0.005783414,0.00164072,-0.1323451,2.03842,1.013552,-0.08043794,2.2764981337800387,2.2779187903205513,30.96510142479639,31.003761241390276
25601744,1.022547,-0.5627123,-9.957879,-0.004622532,-0.007975435,-0.1859826,2.053633,1.008769,-0.1371372,2.2880173500325562,2.292123470861428,31.279264779448756,31.391634283901194
25621737,0.7477835,-1.516295,-9.682615,-0.004634775,-0.02770099,-0.2279167,2.067846,0.9900863,-0.07187434,2.292653039856596,2.293779388239882,31.406141317953043,31.437007694436904
25642352,-0.7160522,-1.319882,-9.442463,-0.008516168,-0.01245881,-0.2511049,2.07671,0.9624476,-0.1132105,2.2888927032182527,2.291690734840984,31.303203095903417,31.379782384332152
25661753,-1.482452,-1.562487,-10.87967,0.00134106,-0.01392683,-0.2521124,2.04366,0.957612,-0.1122393,2.256893204860168,2.2596824110056906,30.434062455410405,30.50933347668573
25681762,-1.550448,-1.249267,-9.673982,0.009610015,-0.02092493,-0.2289879,2.028479,0.9568327,-0.1436533,2.2428231917006496,2.2474189951656056,30.055778818650975,30.1790805354913
25701756,-0.9625953,-1.240032,-9.884056,0.005662868,-0.04440525,-0.1931709,2.025542,0.9419851,-0.09523275,2.23386577985026,2.235894809479769,29.816184026256412,29.870372954374968
25721774,-0.6936404,-0.142231,-8.620751,-0.003796074,-0.0450415,-0.1747528,2.02198,0.9534401,-0.09049849,2.235497963472123,2.23732901500434,29.859770589510855,29.90870570024723
25742170,-0.5961106,-0.5328937,-10.12241,0.00934126,-0.01902692,-0.189671,2.005512,0.9443173,-0.111418,2.2167123280261896,2.2195106478562545,29.360035932709152,29.434209407785062
25761727,-0.5523753,-0.3128424,-9.844349,-0.005366946,-0.01195568,-0.2266566,2.004282,0.9592662,-0.1003178,2.2220121462283773,2.2242755312647935,29.500594418468975,29.560724792925093
25781779,-0.5019621,-0.6020968,-9.577967,0.01624701,0.006721619,-0.2934575,1.999261,0.9578513,-0.1360141,2.216872494987632,2.2210410834632257,29.364278862720315,29.474815379228207
25801949,-1.035498,-1.758124,-9.887189,0.0256452,0.00438333,-0.3638038,1.982882,0.9226491,-0.09585728,2.1870304953646187,2.189130193886103,28.579036766237483,28.633938759558248
25821740,-1.348308,-2.54479,-9.977417,-0.004126657,-0.01098459,-0.4151351,1.962527,0.8730794,-0.1302043,2.14797110418957,2.151913805005175,27.567334689989327,27.6686298194268
25842161,-1.47988,-2.513873,-9.020748,-0.02997306,-0.02793884,-0.4239917,1.970027,0.8405758,-0.1027071,2.141862286953725,2.1443233908776564,27.410754986240974,27.473783757873672
25861742,-1.273301,-2.583177,-10.02253,-0.06381815,-0.04645202,-0.3948441,1.939731,0.8302606,-0.1166218,2.109950003263907,2.113170523291625,26.60003687223333,26.681300721538882
25881786,-1.047295,-0.9937981,-9.126181,-0.08488849,-0.05030973,-0.3500646,1.942456,0.8246133,-0.1218185,2.1102422625075277,2.113755462066305,26.607406378675513,26.69607386665545
25901743,-1.06517,-0.9584826,-10.30834,-0.07605408,-0.04142639,-0.3124273,1.921521,0.8152538,-0.1246102,2.0873144736372238,2.091030706087187,26.032368228336257,26.125146247451887
25921744,-0.8644427,-0.4109238,-9.700773,-0.05963594,-0.03319919,-0.2859857,1.908085,0.8050996,-0.1241727,2.070983759749255,2.07470301310102,25.626618055542334,25.718745740608437
25942093,-0.9694735,-0.9338425,-9.49922,-0.02916502,-0.02881717,-0.2719484,1.900157,0.8012335,-0.1033543,2.062176458543558,2.0647648431479406,25.409116183373218,25.472941798560946
25961972,-0.8274309,-1.063387,-9.256388,-0.01577383,-0.01712537,-0.2706708,1.886926,0.7875869,-0.09035759,2.044696274395689,2.046691805963521,24.980177555802474,25.028960407874354
25981799,-0.8770978,-1.322259,-10.41671,-0.01563181,-0.006864371,-0.2822831,1.873315,0.7867457,-0.1251764,2.0318164005867976,2.0356686903350583,24.6664603670186,24.760083425442442
26001724,-1.070245,-1.269935,-9.462446,-0.01853147,0.003327232,-0.301884,1.851141,0.7643489,-0.1039589,2.0027361890204634,2.0054325457869235,23.96543965080295,24.03001418181599
26021766,-1.223193,-1.381898,-9.78845,-0.006914859,0.02469254,-0.3186884,1.849446,0.7546189,-0.1292109,1.9974734519270112,2.0016482327901723,23.83965364214043,23.93940899579632
26042121,-1.175138,-1.886414,-10.52676,-0.01075585,0.02788683,-0.3214103,1.832433,0.7163104,-0.1416495,1.9674631606810735,1.9725556695534374,23.128694949607027,23.24858082018727
26061707,-0.9823714,-1.374515,-9.260231,-0.02778327,0.02452128,-0.3130707,1.8241,0.7071512,-0.1306772,1.9563751249853492,1.960734597099077,22.868736687227106,22.97076895756115
26081753,-1.086727,-0.9297758,-9.331047,-0.0293217,0.02975487,-0.300089,1.797796,0.7010176,-0.08608149,1.9296362696440383,1.931555372244446,22.247889395426416,22.292164282377122
26101718,-1.072446,-1.349325,-9.844854,-0.02785457,0.03916519,-0.2831429,1.802948,0.6898771,-0.1386717,1.9304279069181554,1.9354022176770647,22.266147625255247,22.381045921531065
26121954,-1.059065,-1.027085,-10.10448,-0.03238922,0.03456742,-0.2636713,1.76088,0.6671096,-0.125779,1.8830118408581928,1.8872079773181227,21.185758217052655,21.28028484917763
26142139,-1.227614,-1.023546,-9.856484,-0.02743915,0.01670489,-0.2445446,1.73859,0.6716732,-0.1293733,1.8638240463354474,1.8683087342436555,20.75619445229698,20.856200720545502
26161730,-1.156112,-1.127435,-10.20508,-0.01247424,-0.002417389,-0.2300963,1.749006,0.6595615,-0.1676341,1.8692360365449436,1.876737741881124,20.876909077901544,21.044813697011335
26181758,-0.8654612,-0.5436922,-9.564563,-0.0057805,-0.02583469,-0.2179263,1.711817,0.6510718,-0.1097204,1.8314507719958621,1.834734448474874,20.04141628320933,20.11334671611189
26201737,-0.979854,-0.8302652,-9.982755,-0.002853223,-0.05066481,-0.2137886,1.713965,0.6621928,-0.1286071,1.8374371623532708,1.841932439523027,20.172647570441118,20.271472792809313
26221750,-0.8151234,-0.8180032,-9.772028,0.001983654,-0.0682543,-0.2189113,1.687168,0.6479248,-0.1542543,1.8073025221802352,1.8138734232981997,19.51639587990726,19.65856735459149
26242154,-1.202288,-1.003782,-9.157269,0.0006970825,-0.08652184,-0.2224588,1.674576,0.6318609,-0.08987238,1.7898192581165313,1.7920742231871074,19.14063153593074,19.188891877934754
26261719,-0.8232631,-1.044568,-10.21307,0.0168904,-0.08985999,-0.2285049,1.67385,0.624543,-0.1570039,1.7865687172199676,1.7934542107241573,19.071170993560276,19.218456085636156
26281949,-0.7282141,-0.6885662,-9.412768,0.004727307,-0.09920095,-0.2407888,1.657493,0.6340417,-0.09568026,1.7746244454497662,1.7772019115850506,18.817019236267644,18.871718641385808
26301765,-1.064013,-1.178334,-10.16082,0.004404102,-0.1047705,-0.265634,1.629605,0.6029786,-0.142359,1.7375832780281237,1.7434052119240553,18.039693997295682,18.160783854459662
26321755,-1.382686,-1.497438,-9.135384,0.008375539,-0.1087833,-0.2810358,1.610938,0.5867661,-0.08358837,1.7144724249614545,1.7165088731353728,17.56300878332043,17.60475620152599
26342061,-1.490166,-1.192889,-10.87648,0.02050616,-0.110947,-0.289367,1.584431,0.586965,-0.1419677,1.689659582574549,1.6956132615750827,17.058323292291348,17.178748388655006
26361749,-1.599795,-0.8364719,-9.370161,0.02131145,-0.112541,-0.3070572,1.551167,0.5831026,-0.1069894,1.6571444427133561,1.660594603064854,16.408113031494164,16.476507253475514
26381763,-1.66361,-0.5558327,-9.128374,0.02240672,-0.09562065,-0.3473904,1.529587,0.5783351,-0.1284755,1.6352699711243432,1.6403090661705373,15.977794573804536,16.07641764955353
26401718,-2.032595,-0.9545967,-9.794113,0.01600766,-0.06735498,-0.4025021,1.495667,0.5653217,-0.1144341,1.5989397735311641,1.6030294952441455,15.275735186294844,15.353978786670632
26421752,-1.857099,-0.9514374,-9.626722,0.004374805,-0.03798744,-0.4751849,1.462779,0.5524527,-0.1665176,1.5636260385969178,1.5724676466268073,14.608435171755284,14.774110635636095
26442317,-2.002949,-1.111054,-10.61763,-0.028639,-0.02537418,-0.5629743,1.423684,0.5491527,-0.139915,1.5259242509945539,1.5323253659057825,13.91245779814541,14.029425636314784
26461691,-1.871863,-0.4812378,-9.020229,-0.05245294,-0.01848952,-0.6668615,1.37362,0.5532542,-0.1069072,1.4808518204795644,1.4847057835239545,13.102709632450399,13.17099880018614
26481828,-2.100322,-1.26217,-9.929879,-0.04606438,0.005652691,-0.7818152,1.352831,0.5270693,-0.1290601,1.4518793894685225,1.457604291629076,12.59502372534185,12.694546369078612
26501730,-2.099519,-1.083242,-10.0015,-0.04559995,0.02889639,-0.9006511,1.303075,0.512944,-0.1464955,1.400398515695086,1.4080401039321466,11.717668116496975,11.84589718233047
26521750,-1.819811,-1.471905,-9.716747,-0.02286547,0.0429063,-1.035104,1.268649,0.484405,-0.1300419,1.3579832433524355,1.3641955083424113,11.01860797312535,11.119650575265121
26542103,-1.552866,-1.69124,-9.829518,-0.02071172,0.0404891,-1.17668,1.240844,0.4668704,-0.1332479,1.3257683820080188,1.3324476746148683,10.502029271324657,10.608115413379755
26561697,-1.721337,-2.66567,-10.28358,-0.04868775,0.009187298,-1.318007,1.212151,0.4326887,-0.1312615,1.287062375298373,1.2937384354230725,9.897764108504422,10.000710857263364
26581767,-1.658741,-1.966715,-8.773354,-0.09748465,-0.03782286,-1.463006,1.160748,0.4137392,-0.1224527,1.2322808304605894,1.2383499944918357,9.073133369595823,9.162726485426129
26601910,-2.035373,-2.209775,-9.386166,-0.1200327,-0.07566743,-1.614353,1.118373,0.3761202,-0.1244874,1.1799256637504925,1.1864744770688496,8.318541817562815,8.411137066296405
26621759,-9.060112,-4.17363,-6.031512,-0.1339123,-0.1770222,-1.670556,0.941781,0.3365088,0.1408501,1.0000948077249676,1.009964541510468,5.976133006019678,6.094669541272989
26642122,-10.19,-6.211015,-4.885308,-0.03466694,-0.3606049,-1.188549,0.6932206,0.2084929,0.01824504,0.7238950819108871,0.724124969255564,3.1310439354482504,3.1330329023187447
26661742,-5.434125,-3.814934,-0.121186,-0.03816691,-0.4486141,-0.4608668,0.6224135,0.2128303,0.2462453,0.6577957901813754,0.7023760028306989,2.5853544269425313,2.9476589948807685
26681775,-2.639049,-1.432068,-3.616485,-0.03323032,-0.5788181,0.2677578,0.5824441,0.2208808,0.3628734,0.6229201051767795,0.7209067636393836,2.318476008164864,3.105246707119535
26701743,-1.859068,0.02939948,-2.694807,-0.05034071,-0.468317,0.8513687,0.5477551,0.2154922,0.5405003,0.5886191789577112,0.7991327249818644,2.070173413575179,3.8157133450182172
26721769,-4.441284,-1.811291,-4.964192,0.04536846,-0.1356333,1.224879,0.4226767,0.1798088,0.5233275,0.4593329917176971,0.6963177934941631,1.2606461137499716,2.8970293554810653
26742144,-1.368538,-0.230981,-17.21108,0.1701442,0.3221066,1.384508,0.5045086,0.2075639,0.221624,0.545537991396722,0.5888369022345407,1.77822990784159,2.0717051621631906
26761950,0.3872817,-0.665361,-15.05229,0.3161983,0.4556082,1.331149,0.4988427,0.2645252,0.2132025,0.5646393723239019,0.6035502686475915,1.9049352841505214,2.1765307375378646
26781764,-0.3657362,0.1236223,-12.42303,0.2532023,0.5173899,1.124029,0.4643811,0.2515647,0.2592045,0.5281425984744083,0.5883209813898786,1.6666342608317175,2.0680764234327107
26801753,-0.498192,0.7254925,-9.206468,0.1624942,0.4638981,0.8134636,0.4620278,0.2601237,0.3163235,0.5302207344819042,0.6174095755062274,1.6797758129653164,2.27763763896251
26821774,-0.7041818,-0.174264,-9.470562,0.1153209,0.3305003,0.492345,0.4545957,0.277239,0.2556061,0.53246475336823,0.5906379533493424,1.6940243136374524,2.0843978218217822
26842160,-0.8785542,0.5159855,-10.47019,0.05575211,0.1937464,0.1922932,0.4209058,0.279896,0.2865713,0.5054735040431299,0.5810564286481391,1.526633193155599,2.0173187753081465
26861715,-1.114803,-0.6966805,-9.323381,0.01375029,0.08316305,-0.06570735,0.3948417,0.2804348,0.2837909,0.48429706287559704,0.5613206926817681,1.4013982795318318,1.882608497195621
26881784,-2.077978,-0.56646,-9.690898,-0.01842245,-0.0266656,-0.2691578,0.3471069,0.2909633,0.3049148,0.45292697201038934,0.5459998875764902,1.2257284807976376,1.7812423664704011
26901744,-1.811831,-1.32576,-9.954279,-0.04442227,-0.03754716,-0.4076591,0.3244663,0.2654738,0.247553,0.41923110371503924,0.48686466921633365,1.0501344419747267,1.4162973066335016
26921946,-1.775898,-1.04084,-9.845167,-0.06405671,-0.04958475,-0.4644485,0.2806025,0.287453,0.2632616,0.4017051035464324,0.4802849781638085,0.9641677665361185,1.3782751199926147
26942158,-1.571639,-1.295779,-9.073209,-0.04079304,-0.05435649,-0.4615744,0.2701907,0.2739181,0.2819162,0.38475204986341527,0.4769810097860711,0.8845039857477475,1.3593775300868267
26961736,-1.315707,-0.141498,-10.44748,-0.03577283,-0.04202291,-0.4249628,0.2304679,0.2782067,0.2608547,0.361267796593192,0.44560026410157116,0.7798236646104172,1.186393582320155
26981772,-1.205939,-0.6495686,-9.506681,-0.02035699,-0.0412486,-0.3867171,0.2066436,0.271457,0.2934708,0.34116049048792274,0.45001732269169376,0.695433119613011,1.210030654567535
27001710,-1.506426,-0.2848509,-9.370788,-0.01976734,-0.02977559,-0.3684751,0.1712526,0.2859983,0.287491,0.3333503871448929,0.44019717819478354,0.6639568216426586,1.1577969952516338
27021748,-1.403409,-1.636567,-9.443497,-0.01275628,-0.01474219,-0.3730015,0.1391448,0.249586,0.2874261,0.2857524221472847,0.405300147698283,0.48788531940916396,0.9815025531023936
27042112,-1.911729,-0.6903234,-10.29126,-0.03128308,-0.01034228,-0.3747807,0.1043785,0.2529128,0.2880256,0.2736051089912065,0.39726376869965124,0.4472870401048876,0.9429655489806636
27061721,-1.667173,-0.6987744,-10.02547,-0.02479224,-0.001888084,-0.3619539,0.06965905,0.2681871,0.269006,0.2770860946588849,0.3861876899764058,0.4587408055235423,0.8911170680386422
27081960,-1.704551,-0.6661949,-9.898462,-0.002455185,-0.01240718,-0.3468635,0.0420734,0.2673154,0.277693,0.2706061604337935,0.38773843801423663,0.43753547203670184,0.8982880504744771
27101739,-1.539492,-0.7228268,-9.605706,-0.00629337,-0.007039699,-0.3417595,0.01125083,0.2753099,0.2857549,0.2755396926283016,0.3969609364757556,0.453634680226851,0.9415284608990604
27121733,-1.723735,-1.037477,-9.642562,-0.007140646,-0.01212453,-0.3534485,-0.02521977,0.2717014,0.2808026,0.272869359879069,0.39154538399472016,0.44488468317585694,0.9160140316722477
27142116,-1.966891,-1.123954,-9.813822,-0.008516178,-0.01610257,-0.3682084,-0.07354761,0.2632648,0.2853834,0.27334521370558534,0.39517248240649566,0.44643769498811886,0.93306371283659
27161710,-1.863389,-0.9836195,-9.730298,-0.00801352,-0.009965199,-0.3782932,-0.1036055,0.2629724,0.2683079,0.28264568419137415,0.3897149111779276,0.4773342821822598,0.9074693291666595
27181760,-1.701368,-0.5255106,-9.781609,0.001204232,-0.008940245,-0.3897429,-0.1392175,0.2712478,0.2801442,0.30488830956776614,0.4140503038336405,0.5554173658337627,1.0243399832757618
27201737,-1.486938,-0.2299892,-9.709866,-0.003358888,-0.005963196,-0.4117095,-0.1590502,0.298299,0.2738547,0.3380521550309064,0.4350582216590441,0.6828185756382138,1.1309220459929514
27221791,-1.508181,-0.6720326,-9.945657,0.002904153,-0.01342485,-0.4407967,-0.1929915,0.2835077,0.277488,0.3429611275808674,0.4411597501762145,0.7027934518134514,1.1628660029238513
27242397,-1.435684,-0.5098015,-9.78688,-0.01233412,-0.0205969,-0.4814812,-0.229645,0.2918956,0.2755566,0.371402567740666,0.46246222237921225,0.824190707263051,1.2778810600893216
27261716,-1.56787,-0.7031578,-9.526366,-0.01869594,-0.0226152,-0.5274637,-0.2611797,0.2896738,0.2862023,0.3900330064219309,0.4837742269115005,0.9089513329387165,1.3983740781773244
27281777,-1.598328,-0.8314168,-9.919462,-0.01956484,-0.0272191,-0.5756528,-0.2916853,0.2903032,0.2743648,0.41152917535252587,0.49460317997903125,1.0119036664438215,1.4616780262310856
27301710,-1.619393,-0.8743615,-9.85907,-0.02856604,-0.03386604,-0.625143,-0.3275537,0.2922497,0.2767978,0.43897757748406696,0.5189588958854257,1.1513903483643355,1.6091770553212548
27321732,-1.671901,-0.9939139,-9.816223,-0.03102092,-0.04226136,-0.6707571,-0.3573176,0.2917607,0.2757091,0.46130269166161386,0.5374157433096467,1.2714810356721435,1.7256736949134337
27342152,-1.594241,-0.6868889,-9.734943,-0.04028101,-0.04735873,-0.7132132,-0.3915574,0.3016777,0.2821879,0.49429407458723396,0.5691718923826615,1.4598516272279987,1.9356409423937986
27361727,-1.517567,-0.4573716,-9.826714,-0.04466438,-0.05417106,-0.7541454,-0.4218345,0.3115234,0.2746177,0.5243960088881398,0.5919510581890196,1.6430722654734142,2.093676180364323
27381778,-1.36302,-0.5292087,-9.678856,-0.04750772,-0.05954619,-0.7949021,-0.4390584,0.3189606,0.2804543,0.542686044562526,0.6108704914721368,1.7596861542034465,2.229647475174674
27401915,-1.334526,-0.2394881,-9.759945,-0.05468592,-0.06291481,-0.8422413,-0.4646889,0.3356787,0.2789531,0.5732503496875514,0.6375192510163987,1.9634803814159771,2.428424002613647
27421757,-1.32251,-0.3364817,-9.751888,-0.0546065,-0.06075089,-0.8964726,-0.485308,0.3404307,0.2722876,0.5928042816701732,0.652347647715733,2.099716075289778,2.542705784544494
27442076,-1.434817,-0.523456,-9.938025,-0.05872529,-0.06842294,-0.9545171,-0.5231141,0.3460934,0.2793553,0.6272391913316403,0.6866355560124017,2.350738293775661,2.8170236110132483
27461752,-1.358688,-0.505837,-9.879458,-0.06544974,-0.07314567,-1.010103,-0.5444767,0.3555012,0.265978,0.650258394828033,0.702552685944855,2.526444980764872,2.949142152256772
27481820,-1.279419,-0.4163145,-9.682915,-0.07152364,-0.07796388,-1.066281,-0.5621476,0.3710171,0.2762786,0.6735455535286162,0.7280065092402196,2.7106400857520656,3.1667110280393764
27501754,-1.381659,-0.2851925,-9.928928,-0.06909793,-0.08190683,-1.117594,-0.5858222,0.3865988,0.2668992,0.7018876563769162,0.7509204119844659,2.943561535991323,3.3691917541811467
27521765,-1.354268,-0.2859236,-9.690372,-0.07553733,-0.08097667,-1.162291,-0.6019326,0.4050661,0.2857294,0.725535250909265,0.7797709217047851,3.145248366864021,3.633055074759572
27542137,-1.343414,-0.158849,-10.01113,-0.07048178,-0.08669858,-1.201057,-0.6303621,0.4116602,0.2738136,0.752874821853175,0.8011207055902438,3.3867524718481885,3.834721449929325
27561970,-1.13089,-0.1994909,-9.86085,-0.06944238,-0.08952926,-1.235334,-0.6433468,0.4292594,0.2675313,0.7734072262130733,0.8183713912633371,3.573998456912635,4.001647110878783
27581796,-1.108624,-0.2159457,-9.809677,-0.08055708,-0.09219643,-1.2708,-0.6575961,0.4415551,0.2829636,0.7920880866868406,0.8411135095789272,3.748736134000539,4.227144817577176
27601766,-1.194674,-0.2383264,-9.748621,-0.08545128,-0.1010094,-1.308226,-0.6773002,0.457053,0.2816916,0.8170881260482494,0.8642818771903065,3.9891072092310136,4.4632244003566095
27621774,-1.255588,-0.1345652,-9.783659,-0.09718632,-0.1040097,-1.34585,-0.691213,0.4692036,0.2767689,0.8354205106543411,0.8800729819902268,4.170116391991211,4.627807510434291
27642170,-1.055909,-0.2544088,-9.827391,-0.1082299,-0.105069,-1.384678,-0.7016926,0.4859842,0.2638069,0.853553248218528,0.8933908596084974,4.35310505657779,4.768929687491259
27661737,-0.8721133,-0.07823557,-9.857636,-0.114727,-0.1004135,-1.429552,-0.7062052,0.4999903,0.2780907,0.8652838173692664,0.9088732155958938,4.473578605491751,4.93565186911503
27681785,-0.814599,0.03909794,-9.738314,-0.1202938,-0.09062961,-1.486839,-0.7213248,0.503415,0.2832915,0.8796227198748563,0.9241159036031628,4.623073372687238,5.102591464671432
27701764,-0.7812092,0.1258219,-10.05103,-0.1146218,-0.08360291,-1.552277,-0.7261255,0.5233258,0.268168,0.8950576152940602,0.9343672783867647,4.786740604807942,5.216427210246342
27721995,-0.6178875,0.2447664,-9.814151,-0.1178384,-0.07397255,-1.620395,-0.7179624,0.5335932,0.276381,0.894534354231295,0.936257532979575,4.781145472627499,5.237554554164475
27742145,-0.4453698,0.05828854,-9.959958,-0.1160867,-0.07414952,-1.696311,-0.7151265,0.5411572,0.2686762,0.8968037835079031,0.9361858397564716,4.805435731031687,5.236752461199166
27761736,-0.3560226,0.1693728,-9.6951,-0.1235341,-0.07327978,-1.77794,-0.7174582,0.5538593,0.2846426,0.9063698985203172,0.9500146328759836,4.908500697838788,5.392603621003977
27781788,-0.5906528,0.06343269,-9.892628,-0.1205849,-0.08086833,-1.861035,-0.7270401,0.5636656,0.2747583,0.9199490288224506,0.9601032960313488,5.056679638397435,5.507745075825302
27801734,-0.6232618,0.1375399,-9.749435,-0.1274181,-0.08201141,-1.939464,-0.7157113,0.5696845,0.2847152,0.9147584897053102,0.9580427128259889,4.999778989565441,5.4841288916039055
27821753,-0.6571376,0.1033259,-9.973119,-0.1202584,-0.09319115,-2.01407,-0.7203479,0.5849963,0.2752182,0.927966469247731,0.9679188115019461,5.1452025640873975,5.597779283314556
27842063,-0.5605156,0.03975043,-9.950782,-0.1242721,-0.09593544,-2.083784,-0.7149981,0.5899569,0.2756878,0.9269689460069415,0.967096267147206,5.13414677549579,5.588269259832108
27861736,-0.06959461,0.3100782,-10.02021,-0.1399874,-0.09062681,-2.140045,-0.7053774,0.5883747,0.2657077,0.9185543337390827,0.9562126572421744,5.041358832584329,5.463197309074087
27881971,0.1003945,0.4083587,-9.732089,-0.1552102,-0.08433106,-2.180432,-0.6911676,0.5819219,0.2776488,0.9035185382654691,0.945216697446046,4.877665850211486,5.3382717656565895
27901753,0.0006531299,0.3826784,-9.946085,-0.1591038,-0.08441084,-2.207073,-0.6868369,0.5832295,0.2709501,0.9010558122956979,0.9409120753619171,4.851111921809363,5.289760313032174
27921757,-0.1064572,0.4295133,-9.952077,-0.1571791,-0.0866137,-2.221691,-0.6698906,0.5821322,0.2715442,0.8874859515762489,0.928098899255268,4.706097102615069,5.146671211623069
27942111,-0.1872549,0.3514793,-9.738277,-0.1549022,-0.08975989,-2.220008,-0.666309,0.5842776,0.274723,0.8861986218352859,0.9278042487894523,4.692454284122991,5.143403826328766
27961758,-0.2703601,0.3714345,-9.976039,-0.1458883,-0.09534355,-2.20271,-0.6569807,0.5849601,0.2635784,0.8796601382150381,0.9183003494015779,4.623466703617886,5.038571301973584
27981817,-0.2034208,0.2653104,-9.747751,-0.1446046,-0.09558519,-2.176799,-0.6441069,0.5829586,0.2729817,0.8687430160534069,0.9106225543420612,4.50941870695088,4.95466978294685
28001734,-0.02780698,0.5552919,-10.19905,-0.1407429,-0.09862143,-2.150302,-0.636234,0.5784952,0.2654981,0.8599130183797894,0.8999664661989635,4.418216135094764,4.839389350688834
28021776,-0.09894248,0.5071048,-9.674813,-0.1390136,-0.1002688,-2.128128,-0.6094558,0.5757453,0.2787973,0.8384026613899374,0.8835422780563588,4.199941160188736,4.664365568750294
28042343,-0.03292717,0.4638025,-9.869003,-0.1303531,-0.1030311,-2.11149,-0.612403,0.5683417,0.2806273,0.8354936997774968,0.8813633778829139,4.170847091148142,4.641388388142251
28061715,-0.1032028,0.3433703,-9.920846,-0.1274582,-0.1047678,-2.102605,-0.6129431,0.5668517,0.266934,0.8348772925589124,0.876512323921632,4.164695059442236,4.590436277569337
28081776,-0.2429728,0.128747,-9.818927,-0.1306205,-0.1006636,-2.096451,-0.603693,0.5595245,0.2705353,0.8231117204543075,0.866430754818491,4.048139603486769,4.485445961049656
28101742,-0.2409898,0.1683652,-9.949436,-0.1274574,-0.09844654,-2.085123,-0.602717,0.556528,0.2719288,0.8203604066951306,0.8642548635341545,4.021122401316175,4.462945403126079
28121742,-0.2427735,0.02378494,-9.666457,-0.1249196,-0.09464908,-2.066894,-0.5997104,0.5538305,0.2751725,0.81632149708213,0.861452663443941,3.9816251999254995,4.434051630844093
28142083,-0.2308738,0.211791,-9.951523,-0.1216983,-0.09178296,-2.04316,-0.591367,0.5463696,0.2731243,0.8051302183455543,0.8501950080679431,3.8732021442466302,4.318918521668308
28161690,-0.2516223,0.3247539,-9.829163,-0.1170848,-0.0882309,-2.014686,-0.5891092,0.5398538,0.2737944,0.7990568032994151,0.8446627423832781,3.814988355022004,4.2628945115133785
28181777,-0.26312,0.2780546,-9.848334,-0.1145533,-0.08584534,-1.985108,-0.5837237,0.5344402,0.270476,0.7914288883517773,0.8363713002570867,3.742499119773436,4.179613787565036
28201950,-0.3332404,0.2680682,-9.990691,-0.1091817,-0.08736828,-1.950655,-0.576549,0.533179,0.2715922,0.785295228205291,0.8309337630297855,3.68471435776595,4.1254442382934675
28221752,-0.3374179,0.1416574,-9.855968,-0.1060477,-0.08672802,-1.907088,-0.5801292,0.5300699,0.2665637,0.785826945057657,0.8298073232602494,3.689705825782433,4.114266657574632
28242110,-0.3681702,0.2156473,-9.880627,-0.1036378,-0.08823071,-1.849578,-0.5713621,0.5205511,0.2657107,0.7729347301212568,0.817331189373139,3.5696328797400296,3.9914808819046064
28261723,-0.3216234,0.2520469,-9.907716,-0.09638887,-0.08874305,-1.78169,-0.5659816,0.5137291,0.2625259,0.7643642847002795,0.8081909476702767,3.4909102393590854,3.902706332179674
28281774,-0.2416805,0.2705446,-9.809608,-0.08848632,-0.08667275,-1.708794,-0.5682462,0.5076004,0.2776527,0.7619461331974853,0.8109580332618267,3.468857411620235,3.9294762669785426
28301728,-0.3009047,0.4303084,-9.831808,-0.08733804,-0.08302584,-1.636989,-0.5529523,0.4938066,0.2583687,0.7413509319336221,0.7850831735673234,3.283867195566129,3.6827246467757764
28321768,-0.4249615,0.2717618,-9.786316,-0.08606709,-0.07768013,-1.563259,-0.5480576,0.4890238,0.2693271,0.7345144041366378,0.7823352840557621,3.2235806740580957,3.6569897676546947
28342140,-0.4731854,0.09549448,-9.970902,-0.07752646,-0.07693399,-1.485338,-0.551743,0.489813,0.2682053,0.7377920526937113,0.7850294236307898,3.25241425028255,3.6822203958973874
28361946,-0.3651457,0.06406383,-9.795721,-0.07407966,-0.07325154,-1.403479,-0.5517314,0.4834267,0.2647258,0.733559071935485,0.7798645146462877,3.2152007493126287,3.633927250696827
28381803,-0.2679282,0.06068669,-9.849746,-0.07127799,-0.06807931,-1.319202,-0.5443693,0.4692143,0.2680588,0.7186793402533427,0.7670433588555603,3.086087464789205,3.5154241983274086
28401731,-0.2845401,0.2282047,-9.944311,-0.06818922,-0.06315304,-1.233438,-0.5463022,0.461069,0.2616141,0.7148641244920884,0.7612310121143581,3.0534085310028938,3.4623491064827836
28421760,-0.2501876,0.262758,-9.988163,-0.05981737,-0.06070847,-1.144748,-0.5442759,0.4516277,0.2549531,0.7072508994183747,0.7518011159393886,2.9887179125003973,3.3770993846180666
28442163,-0.3325451,0.1097668,-9.797312,-0.05471255,-0.05508851,-1.05865,-0.5478221,0.4477171,0.2514034,0.7075024062721059,0.7508417439197024,2.9908439379128997,3.3684858633639703
28461746,-0.3749501,0.1246007,-9.803896,-0.05007146,-0.05126539,-0.9660617,-0.5408725,0.4401917,0.2635177,0.6973605910898177,0.7454886801410401,2.905712969180711,3.320626399005119
28481805,-0.2995979,0.0803496,-9.888065,-0.04361254,-0.04819463,-0.867969,-0.5439379,0.4355789,0.2628262,0.6968482023953423,0.7447650828201199,2.901444567660179,3.3141832958136583
28501700,-0.2005759,0.0294811,-9.897928,-0.04374888,-0.04291134,-0.7731182,-0.5504889,0.4200593,0.2502755,0.6924506080145355,0.7362918378197262,2.8649398711247067,3.239200880878701
28521968,-0.1993757,0.07204434,-9.832788,-0.04095238,-0.0383957,-0.6801187,-0.5505821,0.4077345,0.2529221,0.6851190198284236,0.7303133984797691,2.8045937262006926,3.1868120184944426
28542159,-0.2530544,0.2177985,-9.973353,-0.03482366,-0.03644425,-0.5876635,-0.5497041,0.3998288,0.2480953,0.6797335263662151,0.7235944615240916,2.760675059525844,3.1284439448713317
28561749,-0.3303981,0.1595428,-9.850388,-0.03061037,-0.03071382,-0.4918547,-0.5430222,0.388587,0.2536476,0.6677371985009073,0.714289907003872,2.664090973414494,3.0485051757044106
28581779,-0.3655668,0.01758176,-9.845078,-0.02264075,-0.02625562,-0.3888816,-0.5447503,0.3835407,0.259559,0.6662254557629722,0.7150015611084916,2.6520417384918153,3.05458271351579
28601719,-0.3699676,0.05688167,-9.805611,-0.01390093,-0.01907219,-0.2776618,-0.5478216,0.3832626,0.2544415,0.6685796332414861,0.7153594920790316,2.670817387762287,3.057641737372731
28621767,-0.140991,-0.3217849,-9.764732,-0.00542028,-0.009593999,-0.1669461,-0.5700826,0.3738541,0.2526416,0.6817338622289273,0.7270411521778737,2.7769473269846805,3.158318300836777
28642090,0.1000635,-0.8014852,-9.885887,0.004927975,-0.001118241,-0.07505129,-0.5903435,0.3670923,0.2496101,0.6951706299258765,0.73862534937108,2.8874916731514513,3.2597652552329612
28661729,0.1931102,-0.7736967,-9.885253,0.006474192,0.00543113,-0.01253251,-0.6087186,0.3582645,0.2488482,0.7063227208197468,0.7488773014249063,2.9808784210286046,3.350882845221963
28681980,0.2447185,-0.8315713,-9.842723,0.008375538,0.007941792,0.02581202,-0.624033,0.3484891,0.2538081,0.7147459953772458,0.7584724052550758,3.052399481499164,3.437300327462183
28701723,-0.0001639496,-0.7466583,-9.860451,0.005965291,0.006012899,0.0398964,-0.6391869,0.3498874,0.248909,0.7286844898928273,0.7700238802085102,3.17261198771696,3.542797237145936
28721761,-0.1827892,-0.7440511,-9.790347,0.004059818,0.004497159,0.04362597,-0.6602069,0.3505397,0.2511207,0.7474966435267119,0.7885511004698363,3.338538611700108,3.7153317073618344
28742127,-0.09535684,-0.7747206,-9.829194,0.00382483,0.002839657,0.04262768,-0.6740474,0.3453832,0.2502919,0.7573832928504562,0.7976687830764158,3.427435977426774,3.8017460377802945
28761728,0.0861469,-0.748342,-9.810452,0.003371019,0.003626856,0.03940132,-0.6945056,0.3371271,0.2531917,0.772005641161883,0.8124646127276314,3.561056442164976,3.9440900129345935
28781790,0.09412103,-0.69169,-9.879266,0.005979685,0.002890577,0.03218401,-0.712252,0.3318514,0.2501523,0.7857660359076104,0.8246238150703932,3.6891338725361114,4.063026507377969
28801744,0.008710262,-0.7519931,-9.852303,0.006092241,0.003740938,0.02571238,-0.7295107,0.3321482,0.2502195,0.8015661471006182,0.8397130976458448,3.8389870218619366,4.21308056598893
28821788,-0.006945505,-0.8160515,-9.854571,0.005760151,0.004046864,0.02265091,-0.7440904,0.3261155,0.2479137,0.8124172836125596,0.8494015807379334,3.9436305102066505,4.310861196026597
28842365,0.04592393,-0.7423145,-9.83871,0.005695182,0.003304727,0.02049256,-0.7590828,0.3203149,0.2484345,0.8238982536805439,0.8605393850417887,4.055879786196654,4.424654998418397
28861739,0.067784,-0.7077996,-9.832947,0.003821729,0.004106806,0.01711058,-0.7752285,0.3116374,0.2508333,0.835522050152484,0.8723614163177438,4.171130150338785,4.547061283062401
28881809,-0.02285888,-0.6472555,-9.861927,0.004003108,0.001693919,0.0119881,-0.7903136,0.3090765,0.2482523,0.8486011249092296,0.8841680121178892,4.302740118453328,4.670974615073686
28901743,0.06865404,-0.80952,-9.853479,0.003002402,0.001157208,0.008467874,-0.8101552,0.3061377,0.2476282,0.8660668215838371,0.900772704339763,4.481678643203771,4.8480640026793305
28921761,0.03631679,-0.7522181,-9.82043,0.00168585,0.001001037,0.006232112,-0.8263566,0.3001909,0.2484192,0.8791927017476715,0.9136147468900718,4.618554345668061,4.987284136766684
28942176,0.2358103,-0.7755374,-9.846378,0.001546113,0.0007390146,0.005456666,-0.8468853,0.2892088,0.2487557,0.8949058282040239,0.9288357441636385,4.7851172370873405,5.154846641825219
28961727,0.2510254,-0.7410724,-9.838665,0.0002182018,0.0005596065,0.002718917,-0.8630179,0.2841272,0.2491587,0.908585803047929,0.942129619153299,4.932530764963994,5.303459110233492
28981789,-0.01417943,-0.8034805,-9.830202,0.001389682,-0.0009512873,0.0002761687,-0.8800345,0.2847056,0.2479625,0.9249421602790144,0.9576029455196241,5.11172004917312,5.479095322575464
29001955,-0.04393949,-0.792821,-9.847178,0.0007768061,-0.0003991557,0.0007546172,-0.8951393,0.2791547,0.2479307,0.9376575669915856,0.9698821294049447,5.253230234796065,5.6205112860109425
29021798,0.07256927,-0.734942,-9.83683,0.0003760934,0.0001541798,0.001638395,-0.9117498,0.2734491,0.2482135,0.9518729474519434,0.9837032325214247,5.4137210958428295,5.7818404967967725
29042161,0.02265655,-0.7443082,-9.841218,0.0007588487,0.0002681351,0.0004060593,-0.9272529,0.2717013,0.2479824,0.966239896185259,0.9975544133980161,5.578376733456097,5.945810975946912
29061764,-0.1194952,-0.7775512,-9.812344,0.0004436103,0.001508599,-3.487524e-05,-0.9408047,0.2716449,0.2484105,0.9792366594639419,1.0102535383498292,5.729454000547648,6.09815796519639
29081803,-0.258996,-0.7459045,-9.823897,0.001484589,0.001114665,0.0004930717,-0.9526798,0.2733815,0.2473901,0.9911287736062807,1.0215371297453166,5.869459069074982,6.235140192003591
29101737,-0.3626993,-0.7389389,-9.835143,0.001664121,0.0006020825,-8.192125e-05,-0.9634647,0.2766867,0.2477846,1.0024069822696666,1.0325778256868292,6.003798054665303,6.370646372448335
29121760,-0.4095874,-0.7595704,-9.806353,0.001886917,0.0002722942,-0.0004727606,-0.974754,0.2804649,0.2479827,1.0143007052388409,1.0441749566750296,6.147115375871859,6.514550507380116
29142095,-0.4160017,-0.7461205,-9.831892,0.002418739,-0.0001051545,-0.0001339378,-0.9854493,0.2830301,0.2471334,1.025288427895536,1.054652207019954,6.2810177532495866,6.645940384688057
29161956,-0.4120676,-0.7386282,-9.81888,0.001854399,0.0002510408,-7.079569e-05,-0.9960706,0.2866125,0.2473692,1.0364860661584459,1.0655960240397155,6.418962607910146,6.784581946534268
29181858,-0.4646542,-0.7404057,-9.817479,0.00229818,-9.956668e-05,-0.0005197122,-1.006035,0.2915909,0.2461771,1.047440534917286,1.0759808728561209,6.555361753272165,6.9174656615445125
29201742,-0.5014772,-0.7475186,-9.831156,0.00166511,0.0004068198,-0.0006001624,-1.015765,0.2964382,0.2461493,1.0581371090951495,1.086390178312898,6.689933496324334,7.051955626720013
29221762,-0.4711705,-0.749999,-9.822905,0.001674666,0.0005608583,-0.0003210417,-1.025925,0.3006955,0.2460773,1.0690836680752587,1.0970387080320092,6.8290658388378676,7.190876213350226
29242097,-0.4473035,-0.7518445,-9.838323,0.001562409,0.0004955396,-0.0001735594,-1.037007,0.3040217,0.2450738,1.0806538354717898,1.1080947069480704,6.977680954916344,7.336546430408822
29261698,-0.4027504,-0.7570215,-9.824129,0.0006480078,0.0008903489,-0.0001732679,-1.048256,0.306761,0.2451922,1.092219278651041,1.1194025940642804,7.127834142125575,7.487046451397094
29281812,-0.3607633,-0.7548772,-9.830599,0.001093591,0.0002314007,-0.0001119034,-1.059407,0.3091033,0.2443772,1.1035796490149181,1.1303133448737699,7.276881049276342,7.6337093391583855
29301756,-0.3351329,-0.7569241,-9.840405,0.0005799897,0.000279593,-0.0002418747,-1.07115,0.3116208,0.2442282,1.1155580870096546,1.1419795353542375,7.435707326818525,7.792100623528084
29321949,-0.3339461,-0.7647598,-9.836708,0.0004435458,0.0003947439,-0.0002993602,-1.08259,0.3145001,0.2434959,1.1273470721122265,1.1533436930580667,7.593695740475058,7.947955004042999
29342174,-0.3332369,-0.7637424,-9.843123,0.0006779704,0.0003968324,-0.0002570541,-1.094355,0.3164065,0.2428984,1.1391777470031839,1.164785633492193,7.753912487121818,8.106435292639112
29361727,-0.3223771,-0.7618737,-9.823046,0.0002463799,0.0006064978,-0.0002367884,-1.105875,0.31838,0.2430179,1.1507933524421314,1.1761730483842119,7.912843906649373,8.265713662478822
29381782,-0.3435312,-0.7633955,-9.835602,0.0007108081,-0.0002468359,-7.59919e-06,-1.117002,0.3215115,0.242112,1.16235240466747,1.1873000181842204,8.072602098001592,8.422845965751993
29401755,-0.3643464,-0.7627314,-9.83153,0.0007205914,-0.0003255604,0.0002926965,-1.127894,0.3246189,0.2419989,1.173678961843148,1.1983679623030732,8.230695775202427,8.580612494119658
29421755,-0.3694268,-0.7633793,-9.825797,0.001371153,-0.001014237,0.0002600754,-1.138861,0.3281457,0.2413953,1.1851936456754608,1.2095270433568568,8.3929867670532,8.74116011995419
29442157,-0.3627234,-0.7452813,-9.852029,0.001370249,-0.001347908,-0.0001128959,-1.149048,0.3314161,0.2401486,1.195887928546488,1.219761979947387,8.545133927418181,8.88972024415789
29461727,-0.3963287,-0.7212976,-9.852061,0.003917693,-0.002698541,-4.812555e-05,-1.159857,0.3342025,0.238306,1.2070458033791633,1.2303452040347254,8.705333439445118,9.044652193520218
29481966,-0.3733085,-0.7268792,-9.813125,0.001976578,-0.001304265,-0.0001939744,-1.169237,0.3347858,0.2411301,1.2162223045359102,1.239895325895154,8.838200246952574,9.185609004580483
29501738,-0.3961479,-0.7563543,-9.873925,0.003949511,-0.001839846,-0.0001836788,-1.180298,0.3396339,0.2398654,1.2281915790434366,1.2513952073387409,9.01301596512843,9.356790040578462
29521759,-0.4137599,-0.7368055,-9.81101,0.002758031,-0.001034913,-0.0001422205,-1.189381,0.3451108,0.238644,1.2384379788417506,1.2612214659502272,9.1640285489399,9.5043105273875
29542086,-0.458144,-0.7287496,-9.810765,0.002532786,-0.00110649,7.239992e-05,-1.198413,0.3487453,0.2385114,1.2481253954795928,1.2707103095399241,9.307956591975511,9.647860527357022
29561747,-0.4271596,-0.7386667,-9.810065,0.0007250062,-0.0001871013,-2.710848e-05,-1.208574,0.3511778,0.2391449,1.258561464803702,1.2810804985967315,9.464262340115818,9.805974282211979
29581784,-0.3862774,-0.7554234,-9.845872,0.001592704,-0.0001275508,-0.0003634937,-1.219608,0.354598,0.2377362,1.2701115759129196,1.2921694610454313,9.6387709062263,9.976468948449181
29601741,-0.3363386,-0.7662536,-9.837708,0.001215934,0.0006589242,-0.0002687589,-1.2309,0.3568234,0.236889,1.2815762750564479,1.3032859038248517,9.813565549005672,10.148861028973649
29621760,-0.3146119,-0.7634067,-9.828667,0.0005607235,0.001312339,-9.204842e-05,-1.242028,0.3597921,0.2362725,1.293090835172228,1.314499373245442,9.990701350338298,10.324253898519391
29642323,-0.3224282,-0.7633262,-9.833476,-0.001625998,0.002840497,-0.000177623,-1.252278,0.3622761,0.2354014,1.3036273094390167,1.3247105272613977,10.154178867443377,10.485276436697092
29661772,-0.363268,-0.764183,-9.823802,-0.003704753,0.004146434,-0.0005817618,-1.262692,0.3659448,0.2352907,1.3146507838627868,1.3355404887226483,10.326632433978462,10.657418672179743
29681774,-0.3856794,-0.7548087,-9.830826,-0.003902035,0.004000906,-0.0004766153,-1.272546,0.36923,0.2346177,1.3250298543866852,1.3456409551471336,10.490332087220601,10.819228741511505
29701740,-0.3923308,-0.7518342,-9.822179,-0.003799411,0.003602228,-0.0005317213,-1.282462,0.3731291,0.2345451,1.3356399614831873,1.356077250987133,10.659006287597089,10.987699426102797
29721769,-0.3977073,-0.7617664,-9.826855,-0.003040105,0.002884658,-0.0005969462,-1.292792,0.3775721,0.2340804,1.3468005962140088,1.3669913970565322,10.837884279625397,11.165276240768753
29742122,-0.3903915,-0.7624289,-9.833886,-0.0026365,0.001904826,-0.0002547106,-1.302877,0.3806826,0.2329286,1.3573532035073848,1.377194050150421,11.008386121453764,11.332564124324078
29761694,-0.3827121,-0.7583694,-9.841372,-0.001741159,0.001024485,1.591587e-05,-1.312951,0.3841784,0.2321106,1.3680034252250832,1.3875549365916724,11.181814394279671,11.503719494808022
29781772,-0.3904354,-0.7616336,-9.824034,-0.001076179,0.0006073661,0.0001401469,-1.322751,0.3882737,0.2319599,1.3785596374885962,1.3979385069883081,11.35504937782332,11.676536614191184
29801920,-0.3910337,-0.7625824,-9.82233,-0.0004575406,0.0004159871,0.0002876408,-1.3327,0.3919898,0.2312626,1.389152724974486,1.4082711682992022,11.530228127491638,11.849785408690227
29821778,-0.383311,-0.7588781,-9.836123,1.737958e-05,0.0004442455,0.0002995869,-1.342979,0.3959789,0.2306346,1.4001399514642134,1.419008175594267,11.713341505025102,12.031165609360134
29842157,-0.3799438,-0.760572,-9.833467,0.000276886,0.000288638,0.0002987662,-1.352634,0.3993046,0.2302344,1.4103414131114351,1.4290104200041789,11.884650836684527,12.201372913371106
29861738,-0.3602978,-0.7675864,-9.819507,0.0005689813,-0.0001126549,0.0005416693,-1.363201,0.4024261,0.2303073,1.4213598180482696,1.4398976299707906,12.071075800864204,12.387998479153111
29881781,-0.3305715,-0.7617748,-9.825982,0.0007183545,-0.0007408392,0.0007483483,-1.373784,0.4046089,0.2292795,1.4321280810790666,1.4503654469599927,12.254670272675876,12.56877058016937
29901759,-0.2869432,-0.7649423,-9.823506,0.0007879141,-0.001458173,0.000732352,-1.385378,0.4064039,0.2291375,1.4437577126440606,1.4618277349692952,12.454507088594777,12.768218452184623
29921747,-0.2417684,-0.762671,-9.823668,0.0009315867,-0.002034797,0.0007514135,-1.396626,0.4078262,0.2292393,1.4549523680459233,1.472900896172899,12.648396199862576,12.962386373432903
29942149,-0.247264,-0.7560832,-9.831295,0.001364746,-0.00241542,0.0007007816,-1.406741,0.409702,0.2284213,1.4651880322624125,1.4828864623357685,12.826986420062875,13.138739754567673
29961949,-0.3253111,-0.7514058,-9.842541,0.00175514,-0.001861325,0.0004894133,-1.416637,0.4130769,0.2272053,1.4756330557027413,1.4930221577159195,13.010520167618592,13.318963101498431
29981768,-0.3880313,-0.7520201,-9.838421,0.001765591,-0.0006590679,0.0002276516,-1.425683,0.4169897,0.2261987,1.485413217389387,1.5025372801620531,13.183553247710666,13.48926921270376
30001743,-0.4212498,-0.7553436,-9.83051,0.001918308,0.000553271,6.969512e-05,-1.434764,0.4214081,0.2262426,1.495370362967519,1.5123882558709485,13.360891821588616,13.666726463065807
30021749,-0.4367326,-0.751395,-9.833499,0.001920682,0.00153859,8.618216e-05,-1.443716,0.4265618,0.2256904,1.5054138493700793,1.5222375026675043,13.540968375804555,13.845311911801216
30042119,-0.4480293,-0.7510381,-9.834982,0.001760193,0.002020507,0.0001077946,-1.452521,0.4311269,0.2248424,1.5151526851590271,1.5317446798283223,13.716733764584044,14.018794540989656
30061734,-0.4354465,-0.75883,-9.811034,0.001138578,0.00171379,4.07293e-05,-1.461408,0.4350708,0.2251152,1.5247950496629505,1.5413230669615245,13.89187466227292,14.194668860567388
30081770,-0.3838187,-0.7631181,-9.812704,0.0009008771,0.001194658,5.194132e-05,-1.471404,0.4380734,0.2247818,1.535232241390064,1.5516007516802768,14.08270475914627,14.38460273337343
30101744,-0.3316823,-0.7606064,-9.817859,0.0008424575,0.0003350966,-0.0002329349,-1.482017,0.4407627,0.2247668,1.5461714478026976,1.5624232014350432,14.28411072235173,14.585968405785612
30121933,-0.2888261,-0.7656355,-9.825788,0.000990803,-0.0004418951,-0.0002692632,-1.492497,0.4429929,0.2243673,1.5568525956105832,1.5729369630626333,14.482145276644975,14.78293087136798
30142143,-0.2676878,-0.7670527,-9.819562,0.001204282,-0.0007972783,-0.000104575,-1.503493,0.444709,0.2241141,1.5678830618799349,1.5838195684953542,14.688087341986748,14.98819444265414
30161751,-0.2986333,-0.7678971,-9.823069,0.001290219,-0.0009407168,-0.000127362,-1.513064,0.4475884,0.2234789,1.5778777024568666,1.5936250696621743,14.875945812365595,15.174354154368226
30181779,-0.3366327,-0.767674,-9.827661,0.00166064,-0.0006970793,9.82972e-05,-1.522455,0.4507779,0.2230469,1.587787750977255,1.6033776416530885,15.063392904366623,15.360648673974294
30201766,-0.3723492,-0.7631447,-9.833404,0.002052781,-0.0001666813,-7.889211e-05,-1.531891,0.4551055,0.2226034,1.5980647834212633,1.6134941356270278,15.259021035767214,15.555095871074286
30221797,-0.4247284,-0.7608315,-9.83582,0.00232269,0.0004084788,-0.0009405063,-1.540611,0.4601692,0.2217188,1.6078675150489359,1.6230826141090537,15.446796727049097,15.7405231040329
30242154,-0.4213615,-0.7604098,-9.828768,0.002369971,0.0005009458,-0.0009996798,-1.549864,0.4633458,0.2209765,1.6176426517848865,1.6326660290536732,15.635187299519997,15.92695021549469
30261746,-0.3513398,-0.7533499,-9.832346,0.001661602,0.0004311159,-0.0006770286,-1.559461,0.4654558,0.2202375,1.6274420764729662,1.6422765506092114,15.825192080840974,16.115006805368314
30281985,-0.328353,-0.7595423,-9.835605,0.001171805,0.0006589867,-0.0007268538,-1.569081,0.4687633,0.2195574,1.637606245709844,1.6522589590868164,16.02348144052764,16.311509015598833
30301737,-0.3392147,-0.7650298,-9.832238,0.0009936047,0.0007742981,-0.0004656303,-1.578878,0.4719932,0.2190412,1.647917874085429,1.6624116117940466,16.22590908538818,16.512583892990385
30321815,-0.3433248,-0.7574545,-9.824068,0.001020479,0.0008182935,-0.0001209389,-1.588226,0.4755615,0.218521,1.657896428417122,1.6722356277747612,16.42300788996554,16.70832266892552
30342162,-0.3865227,-0.7625897,-9.834168,0.00108942,0.0007110333,-0.0001074422,-1.596833,0.4799594,0.2171481,1.6674041668225972,1.6814844491909433,16.61191401683572,16.893654968404043
30361736,-0.4129845,-0.7670512,-9.830842,0.00108762,0.0003133819,1.481573e-05,-1.60565,0.4836987,0.2169227,1.6769246717970638,1.6908967480768837,16.802156220418098,17.083312580625456
30381794,-0.370966,-0.7585902,-9.816471,0.0008589634,0.0003271838,0.0002444243,-1.615207,0.4861245,0.2164714,1.6867752317215385,1.7006088760697478,17.000133827036766,17.280121532469085
30401783,-0.3332681,-0.7593202,-9.82512,0.0007398958,-4.427029e-05,-0.0001311044,-1.624954,0.4895763,0.2157275,1.6971035488848905,1.7107597171706903,17.208958722435195,17.48702538911629
30421757,-0.3422442,-0.7675395,-9.826196,0.0006307345,0.0003562317,-0.0004460384,-1.634385,0.4931992,0.2152555,1.707178894874711,1.7206959956325492,17.413897180156198,17.69074838858069
30442328,-0.3551326,-0.7647848,-9.835523,0.0006233275,0.0005190868,-0.0002889393,-1.643476,0.4962629,0.2141654,1.7167673775128678,1.7300742894597243,17.610059115242144,17.88411335612118
30461739,-0.3757408,-0.7609655,-9.844003,0.0008318844,-3.686113e-05,-0.0001682755,-1.65205,0.4998935,0.2129252,1.7260251197019845,1.7391089254665133,17.80049721520744,18.07138663145781
30481804,-0.3982587,-0.7633426,-9.840172,0.001244799,-0.0006276908,-8.053562e-05,-1.660918,0.5040196,0.2121672,1.7357086045497843,1.7486278279451004,18.000789050451253,18.269753201967397
30501778,-0.3821306,-0.7677363,-9.840327,0.001668828,-0.001259009,0.0003121721,-1.670232,0.5073512,0.2113589,1.7455887757331163,1.7583380672028488,18.206304039443502,18.473222732483535
30521757,-0.3453481,-0.7710506,-9.840053,0.0015551,-0.001185141,0.0003684843,-1.680167,0.5104656,0.2108217,1.7560000787791439,1.7686102074406476,18.424129253117346,18.689692843532917
30542160,-0.3334064,-0.7763225,-9.827929,0.001501438,-0.0009797344,0.0004008424,-1.689468,0.5131822,0.2099969,1.7656891270608313,1.7781329509995731,18.628007108189518,18.89149682879694
30561746,-0.3248129,-0.7678575,-9.834286,0.001459809,-0.0009069851,0.0005309189,-1.69855,0.5153429,0.2095144,1.7750071569096306,1.7873294858217301,18.82513618230545,19.087416478054426
30581791,-0.3418332,-0.7542384,-9.833134,0.001514221,-0.001031432,0.0004827782,-1.707373,0.518742,0.2089042,1.7844371167662367,1.7966237192218741,19.025689546565673,19.28644431111207
30601934,-0.3780403,-0.7582355,-9.825284,0.00175172,-0.001166549,0.0002745467,-1.716084,0.5227274,0.208538,1.793930943421948,1.8060111647525214,19.22867467285639,19.488516055084286
30621765,-0.3799576,-0.7640517,-9.828327,0.001725526,-0.001255047,7.339795e-05,-1.725003,0.5263269,0.2079518,1.803511950521152,1.8154611829493492,19.43461575014385,19.692998358105203
30642164,-0.3628174,-0.7641634,-9.838058,0.001464379,-0.001099505,-0.0002110149,-1.734008,0.5288099,0.2072962,1.8128495950855963,1.8246630836777649,19.63638133505201,19.893137329395287
30661792,-0.3441913,-0.7684981,-9.837603,0.001329952,-0.0006847199,-0.0003055536,-1.743075,0.5313579,0.206545,1.822265533207883,1.8339336167218294,19.840893749266524,20.0957922504909
30681812,-0.3414051,-0.7699866,-9.835213,0.001324038,-0.0002172177,-0.0002182358,-1.752349,0.5344416,0.2059277,1.832035709698793,1.8435729058648183,20.05422017862907,20.307597328952127
30701763,-0.3472129,-0.771446,-9.834247,0.001518582,-0.0002137201,-0.0001867704,-1.761176,0.5379707,0.2052248,1.841508451524046,1.8529086851676015,20.262141427781078,20.51379180852794
30721753,-0.3699547,-0.7661939,-9.833446,0.001562843,-0.0007323971,-0.0003245775,-1.770177,0.5417554,0.2047701,1.8512227107396235,1.8625134411896656,20.476477510430005,20.727014003707712
30742148,-0.3883703,-0.7654009,-9.846966,0.001576952,-0.0009385366,-0.0004147443,-1.778265,0.5449737,0.2033106,1.859898584309556,1.8709778042481022,20.668855894902222,20.915833715334575
30761913,-0.3792869,-0.7655908,-9.84106,0.001707979,-0.001261582,-0.000259949,-1.786831,0.5477562,0.2027358,1.8689039240152074,1.8798679958446762,20.869491216266653,21.115074498761448
30781801,-0.3623001,-0.7661075,-9.832433,0.001600245,-0.001088423,-0.0001574937,-1.795803,0.5509035,0.2019732,1.8784043976527658,1.8892316572192756,21.082208409699465,21.325947621470956
30801742,-0.3526128,-0.7656862,-9.827718,0.001830149,-0.001216017,6.96019e-05,-1.804459,0.5536076,0.2016473,1.8874728229722302,1.8982137105858365,21.28625810331609,21.529211364059897
30821754,-0.3376069,-0.7615256,-9.829111,0.001875608,-0.0008172625,0.0002335323,-1.813792,0.5565551,0.2009955,1.8972598658591844,1.9078768801000394,21.50758011663506,21.748965282981054
30842111,-0.3433857,-0.7636607,-9.827425,0.001924766,-0.0004266813,0.0002141161,-1.821974,0.5592077,0.200357,1.9058600442884808,1.916362553345345,21.703007487781356,21.94286147928913
30861769,-0.3668102,-0.7662562,-9.823815,0.002184264,-0.0002718419,1.108286e-07,-1.830406,0.5623375,0.1996768,1.9148393114677404,1.9252221724259488,21.907992292734946,22.146220468872926
30881838,-0.3744596,-0.7644501,-9.813702,0.002076093,-0.0002612835,6.644049e-05,-1.838864,0.5654649,0.1994349,1.9238428635488944,1.9341524352971822,22.114498897677358,22.35215021672197
30901755,-0.3594007,-0.7687889,-9.813294,0.001800309,-0.0002032522,0.0001842467,-1.847712,0.5684131,0.1990145,1.9331665958203421,1.9433836107176214,22.329370195993768,22.56602065397501
30921975,-0.3498345,-0.7692236,-9.815468,0.00147444,-7.931004e-05,0.0001734597,-1.856934,0.57176,0.1987704,1.942965099520833,1.9531060006748635,22.5563024332871,22.792372722986155
30942175,-0.3444791,-0.7713106,-9.829503,0.001353853,0.0001706243,1.032307e-05,-1.865275,0.5738214,0.1977978,1.9515434467935784,1.9615416881646437,22.755917902719688,22.989683621586607
30961745,-0.3326713,-0.7635896,-9.834681,0.001246799,0.0003912323,-0.0001578629,-1.873727,0.575701,0.1968753,1.960174612612356,1.9700366483088811,22.957649958781747,23.189240264188538
30981783,-0.3383537,-0.7590135,-9.838839,0.001124088,8.301108e-06,-0.0002141691,-1.882207,0.5785336,0.1963707,1.9691125709765707,1.9788799278876041,23.16749079513831,23.397895469753784
31001740,-0.3652363,-0.7638084,-9.833194,0.001321794,-0.0006702668,-6.128383e-05,-1.890538,0.5820958,0.1957017,1.9781227084843953,1.987779818089652,23.3799924626843,23.608829916097065
31021771,-0.3822207,-0.7642882,-9.824787,0.001289543,-0.0006452021,0.0001183847,-1.899033,0.5857872,0.195293,1.9873281004335543,1.9969006822127735,23.598101048167717,23.825983699365494
31042116,-0.3772517,-0.7617372,-9.826298,0.001169924,-0.0006827772,0.0002494623,-1.906928,0.5878698,0.194273,1.9954862312068304,2.004920770869772,23.792242661142836,24.017751102353614
31061692,-0.3574016,-0.7655103,-9.833462,0.000837496,-0.0005970685,-2.696597e-06,-1.91548,0.5902277,0.193597,2.0043533541387584,2.0136812475305743,24.00415840027756,24.22810019577133
31081995,-0.3387795,-0.7689098,-9.829938,0.0006922737,-0.0005984387,-0.0001711965,-1.924039,0.5926378,0.1929814,2.0132425674791006,2.0224706317412373,24.2175451721713,24.4400650511284
31101753,-0.3289773,-0.7672408,-9.832127,0.0009712397,-0.0007539671,-0.0001659771,-1.932746,0.5949352,0.1922556,2.0222400927474067,2.031358463798647,24.434493581472363,24.655342820467233
31121758,-0.3522993,-0.7638523,-9.841849,0.001514222,-0.001106247,9.583049e-06,-1.941077,0.5984578,0.1913603,2.0312389466308094,2.0402329334480243,24.65244165840129,24.871238775787432
31142109,-0.3739053,-0.7549806,-9.823672,0.002356926,-0.001527488,0.0002652118,-1.948336,0.6007012,0.1911612,2.0388367027737755,2.047778724609395,24.837209225950204,25.055551287153204
31161773,-0.3816727,-0.7580048,-9.823119,0.002316472,-0.001595683,0.0004328485,-1.956461,0.6034268,0.1901395,2.0474040997026552,2.05621413693698,25.046384696188458,25.262399047213453
31181776,-0.3591454,-0.7675703,-9.832556,0.002092779,-0.00162724,0.0005268302,-1.964882,0.6055851,0.1892856,2.056087203225099,2.0647817380133353,25.25928015891441,25.473358663159384
31201753,-0.3466481,-0.773495,-9.829819,0.001517086,-0.001528185,0.0006687376,-1.973328,0.6083133,0.1888522,2.0649620980882166,2.0735799044130734,25.477809087581814,25.690908379414736
31221763,-0.3463749,-0.7692035,-9.823579,0.0009674673,-0.00113266,0.0007820891,-1.981895,0.6114103,0.1885566,2.0740613168301194,2.0826146876882077,25.702838817177255,25.915271525813537
31242367,-0.3495405,-0.7637579,-9.819245,0.0008269697,-0.0007773883,0.0006576062,-1.989574,0.6130319,0.1880111,2.081877232666136,2.0903494888694616,25.896921551064313,26.108126889060493
31261741,-0.3766013,-0.7287184,-9.806541,0.004385294,-0.00216494,0.0001445093,-1.996074,0.615919,0.1869083,2.088939354801139,2.097284515902859,26.072914077521066,26.281648985359183
31281780,-0.4326805,-0.7591122,-9.866468,0.008980297,-0.004009121,-0.0006760048,-2.003092,0.6195331,0.1857368,2.096711430421366,2.1049220843855125,26.267287964196175,26.473414463469755
31301758,-0.3735584,-0.7464528,-9.814096,0.007956932,-0.003783303,-0.001107224,-2.011395,0.6203159,0.1863726,2.1048756879725246,2.1131106000038353,26.472247429361403,26.679787536895198
31321814,-0.3094054,-0.7580503,-9.846382,0.01218908,-0.006352454,-0.001296155,-2.020538,0.6218871,0.1849566,2.1140760096530142,2.122151342028643,26.70417131317771,26.90856975288197
31342138,-0.2689538,-0.7220603,-9.772481,0.009204516,-0.005314031,-0.0004143174,-2.027701,0.6204186,0.188545,2.1204930050879582,2.1288588026574145,26.86653124314608,27.07893781487046
31361783,-0.391468,-0.7599715,-9.906747,0.01082502,-0.008041888,0.001198749,-2.034997,0.6254889,0.1842105,2.128954944105725,2.1369096055618404,27.081383695342453,27.2841364074962
31381813,-0.4216018,-0.7366962,-9.828259,0.00215461,-0.001941396,0.001966988,-2.040832,0.6289312,0.1820821,2.135544358368011,2.1432926999590722,27.249284496680705,27.447378996244648
31401964,-0.4421536,-0.7491291,-9.825789,-0.007741556,0.004866811,0.001781822,-2.048055,0.6323687,0.1824198,2.1434596930580923,2.151208134792338,27.451656248194027,27.650486224200467
31421837,-0.4186282,-0.7468868,-9.822342,-0.01380817,0.009242907,0.001318895,-2.055259,0.6354147,0.181569,2.1512418269588127,2.158890617844751,27.65135235339111,27.848331981413086
31442136,-0.3571987,-0.7540411,-9.831416,-0.01799628,0.01163556,0.001330974,-2.063924,0.6362541,0.1817696,2.159768866694492,2.1674043796732927,27.870994306318288,28.068409426536146
31461770,-0.3033689,-0.753551,-9.837705,-0.02446759,0.01474211,0.002444592,-2.071283,0.6370445,0.180219,2.1670346008011157,2.1745155435246377,28.058832792388774,28.252894147955743
31481792,-0.2644899,-0.7268141,-9.792855,-0.02338762,0.01393566,0.003194265,-2.079528,0.6373647,0.1801424,2.17501045137491,2.182457731060982,28.26575601995078,28.459652443510397
31501775,-0.2725087,-0.7455131,-9.80469,-0.006689899,0.004949939,0.001846195,-2.088195,0.6392074,0.1794944,2.1838370951698205,2.1912011997694596,28.49563813798256,28.688142119779936
31521728,-0.3482993,-0.7714384,-9.846793,0.01132757,-0.004862892,-0.0006459889,-2.096135,0.6427848,0.1783974,2.1924767358711104,2.1997226801719347,28.721551568082827,28.911709721235226
31542167,-0.3966095,-0.7743191,-9.830322,0.0158877,-0.007725919,-0.001670576,-2.10217,0.6445342,0.1779428,2.198759432923402,2.205948023853119,28.886394687121097,29.075584936550342
31561981,-0.3906938,-0.7415949,-9.774172,0.01716627,-0.009668892,-0.001736738,-2.108175,0.6460885,0.1779923,2.20495627631417,2.2121287121947812,29.049447278232066,29.238742799916334
31581788,-0.4192489,-0.7174175,-9.787959,0.02991078,-0.01775291,-0.0006575101,-2.113867,0.6489786,0.1775959,2.211245557812827,2.218365889713365,29.215401328758084,29.403854643346524
31601764,-0.4434454,-0.7202826,-9.829715,0.05089367,-0.02863061,0.000770978,-2.119733,0.6502141,0.177079,2.2172159044909927,2.2242759134983254,29.37337704358867,29.560734952728637
31621759,-0.3999619,-0.7863426,-9.886266,0.08042172,-0.04185289,0.000545535,-2.128694,0.6533933,0.1726635,2.2267152826800487,2.233399568897858,29.62560917697231,29.80373996526
31642099,-0.3559464,-0.8729658,-9.914771,0.07423653,-0.03684128,-0.001333689,-2.137069,0.652894,0.1720401,2.2345770261946667,2.2411899254648207,29.835173553832075,30.012020384979923
31661759,-0.295378,-0.8171239,-9.822713,0.03489841,-0.01593305,-0.002564319,-2.144083,0.6530528,0.1721658,2.2413321642444792,2.247934815150671,30.015829976099127,30.192935325669723
31681779,-0.3678449,-0.7780513,-9.803458,-0.004307739,0.00421637,-0.002470632,-2.150087,0.656083,0.1717435,2.2479588542626843,2.2545098891444786,30.193581087486546,30.369818670495235
31701747,-0.4270075,-0.7480949,-9.792341,-0.02904804,0.0167531,-0.001561068,-2.155907,0.6588784,0.1717392,2.254341531054148,2.2608737451375296,30.36528303834747,30.54151179642689
31721961,-0.4554808,-0.7415022,-9.817006,-0.03102791,0.01675942,-0.001298627,-2.161841,0.6626987,0.168415,2.2611338032639043,2.2673971175089047,30.548538305669563,30.718010888713945
31742090,-0.4181035,-0.7537225,-9.867834,-0.03114918,0.01663018,-0.0006978564,-2.168765,0.6626178,0.1688806,2.2677310189045436,2.274010692841659,30.727058745258493,30.897469671170253
31761756,-0.3260249,-0.7627285,-9.846277,-0.0342828,0.01782232,0.000446559,-2.176292,0.6624635,0.1680969,2.2748856582466406,2.28108775058871,30.9212509296251,31.09008392216802
31781743,-0.3015982,-0.7776467,-9.844983,-0.04004773,0.01999077,0.002035331,-2.183159,0.6640813,0.1650272,2.281926202200827,2.28788574212755,31.11294347393687,31.275666484957412
31801729,-0.3525719,-0.740383,-9.849236,-0.04894581,0.02502507,0.004341963,-2.189951,0.6663032,0.1652358,2.289070845721303,2.295026842181346,31.308075886969164,31.47121053283896
31821752,-0.3682278,-0.7131929,-9.806249,-0.05409483,0.02960291,0.005249581,-2.196851,0.6685305,0.1664983,2.2963203926349762,2.302348589925978,31.506696890146724,31.672333951466484
31842094,-0.3703077,-0.7246294,-9.803268,-0.04670785,0.02792214,0.004067861,-2.203309,0.6700122,0.1655041,2.3029300678982505,2.3088695296067834,31.688334213338297,31.851999065861225
31861713,-0.3274632,-0.7498008,-9.824063,-0.03268732,0.02220976,0.001847523,-2.210875,0.6701978,0.1649061,2.3102236594645635,2.3161017634307544,31.88937180658029,32.05185608693812
31881991,-0.2818956,-0.7554369,-9.834367,-0.01878978,0.01564163,-0.0004936489,-2.218469,0.6706616,0.163701,2.3176263041473186,2.3234004611940144,32.094065321911465,32.254183475882435
31901749,-0.3088123,-0.7605933,-9.84363,-0.008165919,0.009841496,-0.002266574,-2.226041,0.6729567,0.1631763,2.3255384868360895,2.3312562618977735,32.313572291191434,32.47266565785954
31921762,-0.337081,-0.7300263,-9.778552,-0.002362984,0.005318165,-0.00285099,-2.232168,0.6748969,0.1631189,2.331964795157425,2.337662845961928,32.49240733997532,32.65138879881015
31942137,-0.3799068,-0.7344672,-9.813478,0.007383465,-0.002220229,-0.002642049,-2.238304,0.6762413,0.1627689,2.3382273397259064,2.3438858349008598,32.66715987614409,32.82545982211718
31961736,-0.3876265,-0.7492249,-9.833646,0.01490224,-0.008224094,-0.002172543,-2.244055,0.6778609,0.1614458,2.3442009817363805,2.349753814575359,32.83428750057352,32.99002435994091
31981748,-0.3790288,-0.7213616,-9.817795,0.03099844,-0.01982185,-0.001418778,-2.249239,0.678493,0.1605179,2.349346468737636,2.3548237357370105,32.97858726026575,33.1325390876827
32001745,-0.3883263,-0.7490601,-9.912072,0.03563714,-0.02275449,-0.0003884447,-2.256025,0.6801375,0.1590181,2.3563182763648993,2.361677915309126,33.17460902169922,33.32569738956168
32021772,-0.3558674,-0.7571824,-9.85407,0.02348904,-0.0142955,0.000720019,-2.263259,0.6813446,0.1594093,2.3635929778686857,2.368962450094271,33.37976629605521,33.53159896249099
32042339,-0.3142052,-0.7618352,-9.807133,0.01218127,-0.006671122,0.001347314,-2.26977,0.681119,0.1587291,2.3697634787170214,2.3750734456533777,33.554279196739465,33.70481888668065
32061745,-0.3261764,-0.7607628,-9.807643,0.008930798,-0.003672721,0.001392467,-2.275566,0.6820349,0.1577612,2.375578292789781,2.380810958770026,33.7191490454147,33.86785840786171
32081793,-0.3749653,-0.7651203,-9.823469,0.00707334,-0.001985907,0.001303032,-2.281462,0.6838213,0.1569568,2.3817389503842965,2.386905080819916,33.8942655559717,34.04146229244248
32101761,-0.3947222,-0.7584752,-9.816165,0.003722097,0.0001120383,0.001217937,-2.287477,0.6856139,0.1572552,2.3880153779660236,2.39318754871599,34.0731392362782,34.220896193892266
32121793,-0.3959985,-0.7537351,-9.8341,0.007078627,-0.002048344,0.0007078045,-2.293726,0.6877894,0.1556088,2.3946259043592506,2.3996765032949336,34.26204350042444,34.406722739783156
32142146,-0.3835132,-0.7613755,-9.859333,0.009743818,-0.003516709,0.0002736361,-2.299326,0.6879296,0.1541464,2.40003066414414,2.40497573822796,34.41687945327216,34.5588521012541
32161733,-0.3347585,-0.7664155,-9.83201,0.007905004,-0.002396015,6.104447e-05,-2.305662,0.6873749,0.1537351,2.405942956803841,2.4108496411775704,34.5866550305792,34.727871054386966
32181771,-0.3229412,-0.7036305,-9.837377,0.00700429,-0.001601254,-0.0001738165,-2.316022,0.6901866,0.1530775,2.4166744603490886,2.4215177406556014,34.89588479763876,35.0358953056511
32201934,-0.3536155,-0.7636425,-9.823874,0.003120469,0.001445915,-0.0005633254,-2.317412,0.6888484,0.1533866,2.4176249700742587,2.4224859019168967,34.9233402131612,35.06391672129207
32221723,-0.4102525,-0.754819,-9.822486,0.0001664248,0.003284805,-0.0004738781,-2.322864,0.6923927,0.1514365,2.423861549987806,2.4285876197991167,35.103751260718,35.24077601657319
32242159,-0.4135229,-0.7441555,-9.820101,-0.003294357,0.004345133,-0.0002223706,-2.327196,0.6923877,0.1510661,2.428011933563608,2.43270691126089,35.22407064842555,35.36042592367658
32261724,-0.3784416,-0.7560449,-9.823571,-0.0009133681,0.002424656,-0.0004900591,-2.332632,0.6926485,0.1496915,2.433296938718382,2.437896949657327,35.37758060205809,35.51146568446228
32281781,-0.3392208,-0.7672297,-9.852087,0.005169198,-0.001323073,-0.0007412257,-2.338925,0.6928433,0.1473343,2.4393855771443533,2.443830884070414,35.55484691402984,35.684548604869875
32301759,-0.332255,-0.7790375,-9.884083,0.005485551,-0.001365525,-0.0007011768,-2.345114,0.6938156,0.1462701,2.4455959927590984,2.4499662654725207,35.736115064801176,35.86394984417138
32321717,-0.3774425,-0.7626294,-9.84918,-0.005932532,0.004890994,-0.0007510887,-2.350581,0.6964599,0.1453152,2.4515887562699032,2.4558916786413953,35.91146739346734,36.0376385248898
32342156,-0.3859153,-0.7568199,-9.817113,-0.02151974,0.01349975,0.0004233152,-2.355384,0.6968492,0.1443112,2.4563046624953997,2.4605402491002013,36.04975975510492,36.17419344671643
32361922,-0.3351883,-0.714724,-9.813096,-0.03573414,0.01981113,0.003378223,-2.359942,0.6946718,0.1440202,2.4600599897318034,2.4642720976156998,36.160073539648465,36.284005902246506
32381812,-0.3071962,-0.6915341,-9.814308,-0.03960845,0.02125552,0.005627977,-2.365555,0.6944947,0.1434459,2.46539517042463,2.469564753672173,36.31708574445971,36.440031683664905
32401741,-0.3070064,-0.6936023,-9.836243,-0.03066326,0.01752414,0.004868096,-2.370684,0.6948941,0.1421955,2.470429201185658,2.4745181345650025,36.46554711747308,36.58635898978908
32421734,-0.3611795,-0.7273553,-9.829335,-0.01940897,0.01306398,0.001866087,-2.376427,0.6980183,0.14225,2.4768194995727666,2.4809010250237495,36.65444312994674,36.775347628384246
32442088,-0.3974606,-0.719799,-9.841451,-0.002530373,0.003292119,-0.0006390845,-2.380312,0.6971832,0.1414285,2.4803124060702997,2.4843412914329,36.757899049444774,36.87741112260298
32461750,-0.3709223,-0.6984749,-9.815039,0.0136863,-0.005660112,-0.002196627,-2.383398,0.6958916,0.1405697,2.4829118279460833,2.486887811283945,36.8349855934935,36.95305064082809
32481813,-0.3537374,-0.73172,-9.868399,0.02217544,-0.01021344,-0.002872322,-2.388958,0.6956323,0.1396255,2.4881769676948804,2.492091471599215,36.99137211983955,37.10785641933481
32501724,-0.3213544,-0.7507518,-9.83262,0.02112766,-0.009207595,-0.002764671,-2.394619,0.6957608,0.1391414,2.493648581091097,2.497527492375529,37.1542423947164,37.2699203616503
32521992,-0.3229524,-0.7601777,-9.854157,0.01845021,-0.007496391,-0.002161666,-2.400584,0.6964216,0.1370985,2.499561278705237,2.503318314698474,37.330644351365294,37.442950443611224
32542097,-0.3400754,-0.7597058,-9.853888,0.01373375,-0.005172798,-0.001578109,-2.404654,0.6957636,0.1361219,2.503287407949986,2.5069856438481195,37.44202588463573,37.552737685301906
32561753,-0.3742078,-0.7608129,-9.838743,0.009279334,-0.003806215,-0.000916941,-2.408543,0.6960832,0.1353958,2.5071121243716323,2.5107654663127894,37.55652694492315,37.66606078030255
